task_name,num,dataset_id,error_rate,m,n,anomaly,missing,format,knowledge,cleaning_method,cluster_method,parameters,Silhouette Score,Davies-Bouldin Score,Combined Score
rayyan,1,53,18.89090909090909,12,1000,0.0,5.0,,,mode,KMEANS,k=22,0.6185947805790017,0.8978445986521401,0.8661866345424692
rayyan,1,53,18.89090909090909,12,1000,0.0,5.0,,,bigdansing,KMEANSNF,k=14,0.5367362905519591,0.6632934123543723,1.022182355830613
rayyan,1,53,18.89090909090909,12,1000,0.0,5.0,,,bigdansing,GMM,"n_components=9, covariance type=diag",0.5892839951811187,0.3871522599711523,1.5861235455408573
rayyan,1,53,18.89090909090909,12,1000,0.0,5.0,,,bigdansing,HC,"k=6, linkage=single, metric=manhattan",0.7334483843859475,0.20021244039962996,2.8640715048873555
rayyan,1,53,18.89090909090909,12,1000,0.0,5.0,,,bigdansing,KMEANS,k=14,0.6041781085381839,0.43466069904471505,1.4524115957339305
rayyan,1,53,18.89090909090909,12,1000,0.0,5.0,,,bigdansing,KMEANSPPS,k=17,0.5979775808862763,1.073798453511272,0.7646255199104072
rayyan,1,53,18.89090909090909,12,1000,0.0,5.0,,,holoclean,KMEANSNF,k=8,0.412641606781387,1.16461836441906,0.6356459928912147
rayyan,1,53,18.89090909090909,12,1000,0.0,5.0,,,holoclean,GMM,"n_components=12, covariance type=tied",0.46091927995747134,0.691046109136257,0.9540003609082742
rayyan,1,53,18.89090909090909,12,1000,0.0,5.0,,,holoclean,HC,"k=5, linkage=single, metric=manhattan",0.7465649238569751,0.2330370083297108,2.518864417274303
rayyan,1,53,18.89090909090909,12,1000,0.0,5.0,,,holoclean,KMEANS,k=30,0.4458655061881232,0.80192824392031,0.8464299347816622
rayyan,1,53,18.89090909090909,12,1000,0.0,5.0,,,holoclean,KMEANSPPS,k=17,0.4365952109063109,0.9803083817436379,0.7283411889943557
rayyan,1,53,18.89090909090909,12,1000,0.0,5.0,,,horizon,KMEANSNF,k=12,0.6298614524607778,0.5163775450450129,1.2832145038613756
rayyan,1,53,18.89090909090909,12,1000,0.0,5.0,,,horizon,GMM,"n_components=9, covariance type=tied",0.6325410768451527,0.4129948518797389,1.5269393826569746
rayyan,1,53,18.89090909090909,12,1000,0.0,5.0,,,horizon,HC,"k=5, linkage=average, metric=manhattan",0.7173218150953663,0.22671563690831112,2.5640667931691112
rayyan,1,53,18.89090909090909,12,1000,0.0,5.0,,,horizon,KMEANS,k=14,0.6493307260903761,0.4875616927428334,1.3501766110417104
rayyan,1,53,18.89090909090909,12,1000,0.0,5.0,,,horizon,KMEANSPPS,k=10,0.5733605662307123,0.8842908183610843,0.8521051293516697
rayyan,1,53,18.89090909090909,12,1000,0.0,5.0,,,scared,KMEANSNF,k=11,0.587181050235652,0.6832576802600843,1.025378859805368
rayyan,1,53,18.89090909090909,12,1000,0.0,5.0,,,scared,GMM,"n_components=9, covariance type=tied",0.612094678813364,0.4557860150870112,1.4030533541799703
rayyan,1,53,18.89090909090909,12,1000,0.0,5.0,,,scared,HC,"k=5, linkage=average, metric=manhattan",0.7017720397756715,0.24523250952475,2.3897674103241133
rayyan,1,53,18.89090909090909,12,1000,0.0,5.0,,,scared,KMEANS,k=14,0.6561811284652328,0.43164921592456124,1.486438550407076
rayyan,1,53,18.89090909090909,12,1000,0.0,5.0,,,scared,KMEANSPPS,k=11,0.6100262519385784,0.5115078105123779,1.2825153062373666
rayyan,1,53,18.89090909090909,12,1000,0.0,5.0,,,baran,KMEANSNF,k=11,0.6124898925111649,0.6215974716170131,1.1106240224756136
rayyan,1,53,18.89090909090909,12,1000,0.0,5.0,,,baran,GMM,"n_components=15, covariance type=tied",0.6414251420313618,0.5372098228649257,1.2514475998979029
rayyan,1,53,18.89090909090909,12,1000,0.0,5.0,,,baran,HC,"k=12, linkage=single, metric=manhattan",0.5262251326193672,0.33729769116872443,1.7454826301767616
rayyan,1,53,18.89090909090909,12,1000,0.0,5.0,,,baran,KMEANS,k=15,0.6553120967599508,0.5837189236595243,1.1842326980889433
rayyan,1,53,18.89090909090909,12,1000,0.0,5.0,,,baran,KMEANSPPS,k=12,0.5609457818092214,0.6445878518422157,1.0561623466878878
rayyan,1,53,18.89090909090909,12,1000,0.0,5.0,,,Unified,KMEANSNF,k=11,0.5999360054090354,0.8521419739118983,0.886724687983929
rayyan,1,53,18.89090909090909,12,1000,0.0,5.0,,,Unified,GMM,"n_components=5, covariance type=tied",0.5641897899213232,0.38681612371144114,1.5746987171658402
rayyan,1,53,18.89090909090909,12,1000,0.0,5.0,,,Unified,HC,"k=5, linkage=average, metric=euclidean",0.7113138091485441,0.23309918407553615,2.5006665577954275
rayyan,1,53,18.89090909090909,12,1000,0.0,5.0,,,Unified,KMEANS,k=15,0.6506214604132816,0.5192411465457333,1.2882544478343065
rayyan,1,53,18.89090909090909,12,1000,0.0,5.0,,,Unified,KMEANSPPS,k=14,0.5750715621040453,0.9939281497816893,0.7905902524540271
rayyan,2,49,23.118181818181817,12,1000,0.0,10.0,,,mode,KMEANS,k=29,0.5978543794229304,0.8809115974657532,0.8665210339047109
rayyan,2,49,23.118181818181817,12,1000,0.0,10.0,,,bigdansing,KMEANSNF,k=13,0.6280486217512368,0.9090872984625625,0.8640264953144439
rayyan,2,49,23.118181818181817,12,1000,0.0,10.0,,,bigdansing,GMM,"n_components=10, covariance type=full",0.7116002870738576,0.3688346115732834,1.7114212927214476
rayyan,2,49,23.118181818181817,12,1000,0.0,10.0,,,bigdansing,HC,"k=6, linkage=single, metric=manhattan",0.7203475164607669,0.21287452456372954,2.708975245983381
rayyan,2,49,23.118181818181817,12,1000,0.0,10.0,,,bigdansing,KMEANS,k=13,0.7534855703816908,0.3674580087534807,1.7374424790038565
rayyan,2,49,23.118181818181817,12,1000,0.0,10.0,,,bigdansing,KMEANSPPS,k=13,0.5691880533149812,0.9805344247792102,0.7945200296252972
rayyan,2,49,23.118181818181817,12,1000,0.0,10.0,,,holoclean,KMEANSNF,k=14,0.33628011033770827,1.2251469428252013,0.5762543658057439
rayyan,2,49,23.118181818181817,12,1000,0.0,10.0,,,holoclean,GMM,"n_components=18, covariance type=tied",0.38590734529616294,0.7891561798257644,0.8265418175326513
rayyan,2,49,23.118181818181817,12,1000,0.0,10.0,,,holoclean,HC,"k=5, linkage=single, metric=euclidean",0.7264490010038992,0.18409674863732012,3.0791877301678094
rayyan,2,49,23.118181818181817,12,1000,0.0,10.0,,,holoclean,KMEANS,k=25,0.3616802792755447,0.8136387965332567,0.7953634417841234
rayyan,2,49,23.118181818181817,12,1000,0.0,10.0,,,holoclean,KMEANSPPS,k=15,0.31238420541871986,1.0932353888521475,0.6135501475536451
rayyan,2,49,23.118181818181817,12,1000,0.0,10.0,,,horizon,KMEANSNF,k=8,0.6220064732983231,0.8473894011936752,0.9010507393624063
rayyan,2,49,23.118181818181817,12,1000,0.0,10.0,,,horizon,GMM,"n_components=10, covariance type=tied",0.707930646658683,0.34567358932596287,1.8004165867161737
rayyan,2,49,23.118181818181817,12,1000,0.0,10.0,,,horizon,HC,"k=6, linkage=average, metric=manhattan",0.5843586673508608,0.20038186876567365,2.7874150707205794
rayyan,2,49,23.118181818181817,12,1000,0.0,10.0,,,horizon,KMEANS,k=11,0.7290895091277213,0.43272189698563984,1.520021293844684
rayyan,2,49,23.118181818181817,12,1000,0.0,10.0,,,horizon,KMEANSPPS,k=11,0.4438547860437395,0.7039146055841328,0.9322408259773951
rayyan,2,49,23.118181818181817,12,1000,0.0,10.0,,,scared,KMEANSNF,k=10,0.614453418342218,0.8321887473105163,0.9080519445710225
rayyan,2,49,23.118181818181817,12,1000,0.0,10.0,,,scared,GMM,"n_components=6, covariance type=full",0.5736826774200907,0.5428064937250063,1.2079799134694462
rayyan,2,49,23.118181818181817,12,1000,0.0,10.0,,,scared,HC,"k=10, linkage=single, metric=euclidean",0.5215984592954895,0.2721095343586993,2.098294564672984
rayyan,2,49,23.118181818181817,12,1000,0.0,10.0,,,scared,KMEANS,k=10,0.6688597251833075,0.5455176074580808,1.250990562309163
rayyan,2,49,23.118181818181817,12,1000,0.0,10.0,,,scared,KMEANSPPS,k=10,0.5231385642478886,0.9254488798645657,0.8018476387990014
rayyan,2,49,23.118181818181817,12,1000,0.0,10.0,,,baran,KMEANSNF,k=11,0.5460165007244244,0.9539323953190706,0.7971544083640697
rayyan,2,49,23.118181818181817,12,1000,0.0,10.0,,,baran,GMM,"n_components=12, covariance type=tied",0.6402196109207736,0.535017330272903,1.2546589718303038
rayyan,2,49,23.118181818181817,12,1000,0.0,10.0,,,baran,HC,"k=8, linkage=single, metric=manhattan",0.5750954957500516,0.24459638724042632,2.331731660978061
rayyan,2,49,23.118181818181817,12,1000,0.0,10.0,,,baran,KMEANS,k=12,0.6448643587746585,0.5932855861895286,1.1651966281435004
rayyan,2,49,23.118181818181817,12,1000,0.0,10.0,,,baran,KMEANSPPS,k=11,0.5684232129416081,0.8744689977288733,0.855987165465548
rayyan,2,49,23.118181818181817,12,1000,0.0,10.0,,,Unified,KMEANSNF,k=11,0.6142934709487026,0.6067443848635959,1.1312169905495697
rayyan,2,49,23.118181818181817,12,1000,0.0,10.0,,,Unified,GMM,"n_components=9, covariance type=tied",0.6446840353230634,0.42816461473120676,1.4901171742187593
rayyan,2,49,23.118181818181817,12,1000,0.0,10.0,,,Unified,HC,"k=6, linkage=single, metric=manhattan",0.5893709818528873,0.21095812007301815,2.66482416976439
rayyan,2,49,23.118181818181817,12,1000,0.0,10.0,,,Unified,KMEANS,k=11,0.6240873979078863,0.5583388945971979,1.2075571672762866
rayyan,2,49,23.118181818181817,12,1000,0.0,10.0,,,Unified,KMEANSPPS,k=10,0.4009293457404771,0.8003146160665348,0.8252189756936075
rayyan,3,45,27.500000000000004,12,1000,0.0,15.0,,,mode,KMEANS,k=31,0.5426179724184591,1.012466741856046,0.765152368248035
rayyan,3,45,27.500000000000004,12,1000,0.0,15.0,,,bigdansing,KMEANSNF,k=9,0.3985387104514973,1.0140221145253805,0.6923552483613516
rayyan,3,45,27.500000000000004,12,1000,0.0,15.0,,,bigdansing,GMM,"n_components=9, covariance type=tied",0.5280171055304946,0.46903756775678457,1.3300212442246888
rayyan,3,45,27.500000000000004,12,1000,0.0,15.0,,,bigdansing,HC,"k=5, linkage=complete, metric=euclidean",0.5424301717177672,0.2805411617323713,2.0534847425197715
rayyan,3,45,27.500000000000004,12,1000,0.0,15.0,,,bigdansing,KMEANS,k=10,0.5427444840694502,0.4194891152070013,1.4632982822450171
rayyan,3,45,27.500000000000004,12,1000,0.0,15.0,,,bigdansing,KMEANSPPS,k=9,0.48441039803310665,0.8760466463270201,0.8129510629455325
rayyan,3,45,27.500000000000004,12,1000,0.0,15.0,,,holoclean,KMEANSNF,k=13,0.3581580107152041,1.2293332430474055,0.5858035471592582
rayyan,3,45,27.500000000000004,12,1000,0.0,15.0,,,holoclean,GMM,"n_components=13, covariance type=tied",0.3587127167244053,0.89304841146347,0.7392364203855283
rayyan,3,45,27.500000000000004,12,1000,0.0,15.0,,,holoclean,HC,"k=8, linkage=single, metric=manhattan",0.5559230507064986,0.23137827491150859,2.438924996064692
rayyan,3,45,27.500000000000004,12,1000,0.0,15.0,,,holoclean,KMEANS,k=23,0.3975419880668774,0.8658135336123012,0.7762625445684905
rayyan,3,45,27.500000000000004,12,1000,0.0,15.0,,,holoclean,KMEANSPPS,k=18,0.3706292961734794,1.1036359544280598,0.6383625920159643
rayyan,3,45,27.500000000000004,12,1000,0.0,15.0,,,horizon,KMEANSNF,k=8,0.6920606227366474,0.5207749229808661,1.3061379854054058
rayyan,3,45,27.500000000000004,12,1000,0.0,15.0,,,horizon,GMM,"n_components=10, covariance type=tied",0.7144870963282268,0.34553174114798096,1.8042886107647875
rayyan,3,45,27.500000000000004,12,1000,0.0,15.0,,,horizon,HC,"k=6, linkage=single, metric=manhattan",0.5296532222326698,0.3597067143319302,1.6548479259217348
rayyan,3,45,27.500000000000004,12,1000,0.0,15.0,,,horizon,KMEANS,k=8,0.6824721572597447,0.4352701579861379,1.4899479552109534
rayyan,3,45,27.500000000000004,12,1000,0.0,15.0,,,horizon,KMEANSPPS,k=8,0.6556088512765296,0.5246159597130298,1.2808825597337372
rayyan,3,45,27.500000000000004,12,1000,0.0,15.0,,,scared,KMEANSNF,k=6,0.6632124622549632,0.7158908470904574,1.0300367279442986
rayyan,3,45,27.500000000000004,12,1000,0.0,15.0,,,scared,GMM,"n_components=8, covariance type=spherical",0.6982119572163776,0.3147812034195231,1.937510859739631
rayyan,3,45,27.500000000000004,12,1000,0.0,15.0,,,scared,HC,"k=8, linkage=single, metric=manhattan",0.6646014918069292,0.23658555102025852,2.4457011536789404
rayyan,3,45,27.500000000000004,12,1000,0.0,15.0,,,scared,KMEANS,k=8,0.70163276342289,0.45192278399153485,1.457200077580529
rayyan,3,45,27.500000000000004,12,1000,0.0,15.0,,,scared,KMEANSPPS,k=8,0.700829799096235,0.4702959543646827,1.4135752252103788
rayyan,3,45,27.500000000000004,12,1000,0.0,15.0,,,baran,KMEANSNF,k=8,0.34602140587740937,1.0135014606688226,0.666349903130921
rayyan,3,45,27.500000000000004,12,1000,0.0,15.0,,,baran,GMM,"n_components=10, covariance type=full",0.6875377026278958,0.3744447574557855,1.6790793077810546
rayyan,3,45,27.500000000000004,12,1000,0.0,15.0,,,baran,HC,"k=6, linkage=single, metric=manhattan",0.5735596390503582,0.3352039771382211,1.7784088994326213
rayyan,3,45,27.500000000000004,12,1000,0.0,15.0,,,baran,KMEANS,k=10,0.6681795870435395,0.43084096349652345,1.4946108264853277
rayyan,3,45,27.500000000000004,12,1000,0.0,15.0,,,baran,KMEANSPPS,k=10,0.5627583303113445,1.0058858067309486,0.778453481797003
rayyan,3,45,27.500000000000004,12,1000,0.0,15.0,,,Unified,KMEANSNF,k=8,0.6125226352419546,0.4274332168580941,1.4760347004088614
rayyan,3,45,27.500000000000004,12,1000,0.0,15.0,,,Unified,GMM,"n_components=6, covariance type=spherical",0.6316123465010619,0.44177711721526375,1.447598610015349
rayyan,3,45,27.500000000000004,12,1000,0.0,15.0,,,Unified,HC,"k=7, linkage=single, metric=euclidean",0.646792993583614,0.3261345792225243,1.8565059303022164
rayyan,3,45,27.500000000000004,12,1000,0.0,15.0,,,Unified,KMEANS,k=8,0.6740116789814228,0.46107418205791284,1.4214300372810746
rayyan,3,45,27.500000000000004,12,1000,0.0,15.0,,,Unified,KMEANSPPS,k=7,0.5597208988987331,0.5731174000622562,1.1522820509322151
rayyan,4,46,18.736363636363638,12,1000,5.0,0.0,,,mode,KMEANS,k=26,0.6510407617452246,0.6251333522243131,1.1253497264369292
rayyan,4,46,18.736363636363638,12,1000,5.0,0.0,,,bigdansing,KMEANSNF,k=18,0.6150324136618649,0.5894743420545312,1.1557295459515449
rayyan,4,46,18.736363636363638,12,1000,5.0,0.0,,,bigdansing,GMM,"n_components=11, covariance type=tied",0.6831883474135627,0.40240225824839687,1.5841319322582195
rayyan,4,46,18.736363636363638,12,1000,5.0,0.0,,,bigdansing,HC,"k=10, linkage=single, metric=manhattan",0.6894796289615444,0.22507700279556042,2.5662017754531012
rayyan,4,46,18.736363636363638,12,1000,5.0,0.0,,,bigdansing,KMEANS,k=21,0.5981740747695197,0.44888320858353997,1.412962518665871
rayyan,4,46,18.736363636363638,12,1000,5.0,0.0,,,bigdansing,KMEANSPPS,k=17,0.6363892070720051,0.5208059396070455,1.278245098308117
rayyan,4,46,18.736363636363638,12,1000,5.0,0.0,,,holoclean,KMEANSNF,k=11,0.5848027206611937,0.6457499461647832,1.0666948821025821
rayyan,4,46,18.736363636363638,12,1000,5.0,0.0,,,holoclean,GMM,"n_components=13, covariance type=tied",0.5748165269072498,0.5318822167234133,1.2274660136077489
rayyan,4,46,18.736363636363638,12,1000,5.0,0.0,,,holoclean,HC,"k=5, linkage=single, metric=manhattan",0.8020039839438828,0.11536552280973641,4.7350524762280735
rayyan,4,46,18.736363636363638,12,1000,5.0,0.0,,,holoclean,KMEANS,k=27,0.4964625388999818,0.606631439134601,1.0724549541196848
rayyan,4,46,18.736363636363638,12,1000,5.0,0.0,,,holoclean,KMEANSPPS,k=10,0.5308917694884709,0.7718405167419077,0.913248104444491
rayyan,4,46,18.736363636363638,12,1000,5.0,0.0,,,horizon,KMEANSNF,k=17,0.5730809129831554,0.601499928084079,1.1177957512222345
rayyan,4,46,18.736363636363638,12,1000,5.0,0.0,,,horizon,GMM,"n_components=9, covariance type=tied",0.5638688019719127,0.4971704925295673,1.2876256226351663
rayyan,4,46,18.736363636363638,12,1000,5.0,0.0,,,horizon,HC,"k=6, linkage=single, metric=manhattan",0.6890331276660957,0.17373133482316414,3.222523576839279
rayyan,4,46,18.736363636363638,12,1000,5.0,0.0,,,horizon,KMEANS,k=19,0.59119354300535,0.5861651935506369,1.1485986308783573
rayyan,4,46,18.736363636363638,12,1000,5.0,0.0,,,horizon,KMEANSPPS,k=18,0.4652541366786891,1.0368957673934516,0.7148356140033894
rayyan,4,46,18.736363636363638,12,1000,5.0,0.0,,,scared,KMEANSNF,k=10,0.4617841531351438,0.6968375791092007,0.9484193956871475
rayyan,4,46,18.736363636363638,12,1000,5.0,0.0,,,scared,GMM,"n_components=7, covariance type=tied",0.5066584793435067,0.5198937145618346,1.2150642751133705
rayyan,4,46,18.736363636363638,12,1000,5.0,0.0,,,scared,HC,"k=6, linkage=single, metric=manhattan",0.7011762593800035,0.19229587196867293,2.9507479504970515
rayyan,4,46,18.736363636363638,12,1000,5.0,0.0,,,scared,KMEANS,k=20,0.5906558090134907,0.639056337493809,1.0777315372769842
rayyan,4,46,18.736363636363638,12,1000,5.0,0.0,,,scared,KMEANSPPS,k=10,0.5897626348276412,0.8882058157243641,0.8578139070774358
rayyan,4,46,18.736363636363638,12,1000,5.0,0.0,,,baran,KMEANSNF,k=11,0.6244440404735065,0.7461612600959427,0.9823184548006558
rayyan,4,46,18.736363636363638,12,1000,5.0,0.0,,,baran,GMM,"n_components=10, covariance type=tied",0.624298764635034,0.5835029084892065,1.1690431402159815
rayyan,4,46,18.736363636363638,12,1000,5.0,0.0,,,baran,HC,"k=6, linkage=single, metric=manhattan",0.6356327683065144,0.2714364320885681,2.159868300886575
rayyan,4,46,18.736363636363638,12,1000,5.0,0.0,,,baran,KMEANS,k=18,0.6259155977850949,0.6415988465393873,1.092260945550099
rayyan,4,46,18.736363636363638,12,1000,5.0,0.0,,,baran,KMEANSPPS,k=18,0.5972541294858495,0.7278400031872345,0.9855912296836866
rayyan,4,46,18.736363636363638,12,1000,5.0,0.0,,,Unified,KMEANSNF,k=9,0.5803385619683787,0.5781214424341798,1.1550394679379035
rayyan,4,46,18.736363636363638,12,1000,5.0,0.0,,,Unified,GMM,"n_components=10, covariance type=tied",0.5872853812454459,0.5254775099844229,1.245158198897895
rayyan,4,46,18.736363636363638,12,1000,5.0,0.0,,,Unified,HC,"k=17, linkage=single, metric=euclidean",0.514354813932198,0.2761250161388368,2.067951407061034
rayyan,4,46,18.736363636363638,12,1000,5.0,0.0,,,Unified,KMEANS,k=17,0.5765991403664088,0.6391597909905268,1.0705765642117768
rayyan,4,46,18.736363636363638,12,1000,5.0,0.0,,,Unified,KMEANSPPS,k=13,0.561161771457271,0.7198973568047718,0.9751243442839285
rayyan,5,58,22.90909090909091,12,1000,5.0,5.0,,,mode,KMEANS,k=28,0.6592312868691093,0.8235750297941318,0.9367248707808287
rayyan,5,58,22.90909090909091,12,1000,5.0,5.0,,,bigdansing,KMEANSNF,k=17,0.5122840715829228,0.8828505307801866,0.8224893194682843
rayyan,5,58,22.90909090909091,12,1000,5.0,5.0,,,bigdansing,GMM,"n_components=10, covariance type=tied",0.6805212008827016,0.3190807008866745,1.9072622981641512
rayyan,5,58,22.90909090909091,12,1000,5.0,5.0,,,bigdansing,HC,"k=16, linkage=average, metric=euclidean",0.6915246693649596,0.2546218324615154,2.309458829858604
rayyan,5,58,22.90909090909091,12,1000,5.0,5.0,,,bigdansing,KMEANS,k=17,0.6500510810427662,0.35736997650578456,1.7241357984361432
rayyan,5,58,22.90909090909091,12,1000,5.0,5.0,,,bigdansing,KMEANSPPS,k=15,0.6857850192947963,0.442639984290438,1.4724786693828578
rayyan,5,58,22.90909090909091,12,1000,5.0,5.0,,,holoclean,KMEANSNF,k=14,0.42021314980021135,1.0666109723823525,0.6788810512053831
rayyan,5,58,22.90909090909091,12,1000,5.0,5.0,,,holoclean,GMM,"n_components=14, covariance type=tied",0.5217132880188604,0.602210640976911,1.0911309134725138
rayyan,5,58,22.90909090909091,12,1000,5.0,5.0,,,holoclean,HC,"k=7, linkage=single, metric=euclidean",0.7561645931202527,0.23324260929593707,2.5217729434333247
rayyan,5,58,22.90909090909091,12,1000,5.0,5.0,,,holoclean,KMEANS,k=28,0.4625836305444066,0.7202884851106778,0.9254581254877154
rayyan,5,58,22.90909090909091,12,1000,5.0,5.0,,,holoclean,KMEANSPPS,k=21,0.46805907445168765,1.117223530918433,0.6815675510277607
rayyan,5,58,22.90909090909091,12,1000,5.0,5.0,,,horizon,KMEANSNF,k=16,0.5642340542818842,0.6179841738960778,1.0911992352624749
rayyan,5,58,22.90909090909091,12,1000,5.0,5.0,,,horizon,GMM,"n_components=12, covariance type=tied",0.6552058454951839,0.408187843108873,1.5525291630585718
rayyan,5,58,22.90909090909091,12,1000,5.0,5.0,,,horizon,HC,"k=5, linkage=single, metric=euclidean",0.6473607202142043,0.19947274370789508,2.8302884846345946
rayyan,5,58,22.90909090909091,12,1000,5.0,5.0,,,horizon,KMEANS,k=16,0.6878778424831097,0.41131378783038963,1.5595558414459931
rayyan,5,58,22.90909090909091,12,1000,5.0,5.0,,,horizon,KMEANSPPS,k=14,0.5356490693859817,0.8936557250242042,0.8273241115422946
rayyan,5,58,22.90909090909091,12,1000,5.0,5.0,,,scared,KMEANSNF,k=11,0.6175817502289402,0.7838422933280746,0.9466742915311531
rayyan,5,58,22.90909090909091,12,1000,5.0,5.0,,,scared,GMM,"n_components=8, covariance type=tied",0.5361029875658476,0.5483147835780577,1.1799364455933108
rayyan,5,58,22.90909090909091,12,1000,5.0,5.0,,,scared,HC,"k=12, linkage=single, metric=manhattan",0.6080978347330225,0.23528103372622056,2.4291670880976617
rayyan,5,58,22.90909090909091,12,1000,5.0,5.0,,,scared,KMEANS,k=15,0.6487166867069012,0.5370849386401181,1.2553097888845506
rayyan,5,58,22.90909090909091,12,1000,5.0,5.0,,,scared,KMEANSPPS,k=11,0.5134384269374136,0.922770831163887,0.7985655561509435
rayyan,5,58,22.90909090909091,12,1000,5.0,5.0,,,baran,KMEANSNF,k=14,0.5397635031931685,1.0100665766653294,0.7648986262769822
rayyan,5,58,22.90909090909091,12,1000,5.0,5.0,,,baran,GMM,"n_components=12, covariance type=tied",0.6151428046717775,0.5939309942280487,1.1494200427656849
rayyan,5,58,22.90909090909091,12,1000,5.0,5.0,,,baran,HC,"k=6, linkage=single, metric=manhattan",0.6263567482229463,0.29176245108718996,2.026901295401919
rayyan,5,58,22.90909090909091,12,1000,5.0,5.0,,,baran,KMEANS,k=15,0.6376175712006218,0.5640786107509704,1.2052100610082523
rayyan,5,58,22.90909090909091,12,1000,5.0,5.0,,,baran,KMEANSPPS,k=12,0.5312197682902837,0.8743684695589863,0.837451181501381
rayyan,5,58,22.90909090909091,12,1000,5.0,5.0,,,Unified,KMEANSNF,k=11,0.5476736095533674,0.6857813345846274,1.0029321807872398
rayyan,5,58,22.90909090909091,12,1000,5.0,5.0,,,Unified,GMM,"n_components=6, covariance type=spherical",0.32181465597793496,0.42692040752018956,1.3320858221356884
rayyan,5,58,22.90909090909091,12,1000,5.0,5.0,,,Unified,HC,"k=12, linkage=single, metric=manhattan",0.610640779278988,0.23114256623632246,2.4684875126037475
rayyan,5,58,22.90909090909091,12,1000,5.0,5.0,,,Unified,KMEANS,k=15,0.6329454348996388,0.4970778574933147,1.3223513589194298
rayyan,5,58,22.90909090909091,12,1000,5.0,5.0,,,Unified,KMEANSPPS,k=16,0.5727765841151126,0.7124695561748283,0.9881726639884016
rayyan,6,48,27.145454545454545,12,1000,5.0,10.0,,,mode,KMEANS,k=31,0.5845728511533083,0.9105742148820412,0.8413904874183038
rayyan,6,48,27.145454545454545,12,1000,5.0,10.0,,,bigdansing,KMEANSNF,k=10,0.6284632419722936,1.0307119137830465,0.7993332224266871
rayyan,6,48,27.145454545454545,12,1000,5.0,10.0,,,bigdansing,GMM,"n_components=12, covariance type=tied",0.6598633577498827,0.32759780117711335,1.8561934492635608
rayyan,6,48,27.145454545454545,12,1000,5.0,10.0,,,bigdansing,HC,"k=5, linkage=single, metric=euclidean",0.7897832449846327,0.13399618141012054,4.1263412409680535
rayyan,6,48,27.145454545454545,12,1000,5.0,10.0,,,bigdansing,KMEANS,k=14,0.6710268992918152,0.30527124378736364,1.973401099320092
rayyan,6,48,27.145454545454545,12,1000,5.0,10.0,,,bigdansing,KMEANSPPS,k=13,0.5991868013888323,0.3953649070325639,1.5642478783838534
rayyan,6,48,27.145454545454545,12,1000,5.0,10.0,,,holoclean,KMEANSNF,k=27,0.4408597814306844,0.9277046893961383,0.7593945049024928
rayyan,6,48,27.145454545454545,12,1000,5.0,10.0,,,holoclean,GMM,"n_components=30, covariance type=tied",0.4707482354019434,0.6834847190617884,0.966919368173205
rayyan,6,48,27.145454545454545,12,1000,5.0,10.0,,,holoclean,HC,"k=5, linkage=single, metric=manhattan",0.6996457795931807,0.23448298318737368,2.4821737887974513
rayyan,6,48,27.145454545454545,12,1000,5.0,10.0,,,holoclean,KMEANS,k=28,0.44567802906445697,0.7039053820757445,0.9331617549629827
rayyan,6,48,27.145454545454545,12,1000,5.0,10.0,,,holoclean,KMEANSPPS,k=26,0.46469586224491777,0.8517680292699076,0.8193622153150397
rayyan,6,48,27.145454545454545,12,1000,5.0,10.0,,,horizon,KMEANSNF,k=7,0.5262302567669338,0.7581910032043337,0.922579561338825
rayyan,6,48,27.145454545454545,12,1000,5.0,10.0,,,horizon,GMM,"n_components=9, covariance type=full",0.6648672432192572,0.4126364624117712,1.5441539748658768
rayyan,6,48,27.145454545454545,12,1000,5.0,10.0,,,horizon,HC,"k=5, linkage=single, metric=manhattan",0.5858399493836455,0.21702831877781162,2.596766785171371
rayyan,6,48,27.145454545454545,12,1000,5.0,10.0,,,horizon,KMEANS,k=11,0.6735782768571121,0.4581552438571539,1.4281222764945096
rayyan,6,48,27.145454545454545,12,1000,5.0,10.0,,,horizon,KMEANSPPS,k=9,0.5619491360260513,1.0663784856117111,0.7498512443022918
rayyan,6,48,27.145454545454545,12,1000,5.0,10.0,,,scared,KMEANSNF,k=8,0.5736550396313549,0.7992222171495729,0.9124357540102306
rayyan,6,48,27.145454545454545,12,1000,5.0,10.0,,,scared,GMM,"n_components=11, covariance type=tied",0.5729760437003846,0.4494713942930766,1.3989058672314187
rayyan,6,48,27.145454545454545,12,1000,5.0,10.0,,,scared,HC,"k=5, linkage=single, metric=manhattan",0.6048652088546704,0.2082571782528963,2.7033102317657165
rayyan,6,48,27.145454545454545,12,1000,5.0,10.0,,,scared,KMEANS,k=10,0.6499569995573077,0.4582160052436734,1.416166922439941
rayyan,6,48,27.145454545454545,12,1000,5.0,10.0,,,scared,KMEANSPPS,k=9,0.5733605035322769,1.1050742428460625,0.7391385397380628
rayyan,6,48,27.145454545454545,12,1000,5.0,10.0,,,baran,KMEANSNF,k=12,0.4720978875140134,0.9768063181260906,0.7479211447468632
rayyan,6,48,27.145454545454545,12,1000,5.0,10.0,,,baran,GMM,"n_components=11, covariance type=tied",0.5688259844208504,0.45418644779618983,1.38528247527428
rayyan,6,48,27.145454545454545,12,1000,5.0,10.0,,,baran,HC,"k=6, linkage=single, metric=manhattan",0.6397196505922874,0.20210905608255927,2.7937717305388046
rayyan,6,48,27.145454545454545,12,1000,5.0,10.0,,,baran,KMEANS,k=12,0.5943644362001539,0.4661141621700209,1.369880798362521
rayyan,6,48,27.145454545454545,12,1000,5.0,10.0,,,baran,KMEANSPPS,k=11,0.5445262200388532,0.7904138902720053,0.9048430863504788
rayyan,6,48,27.145454545454545,12,1000,5.0,10.0,,,Unified,KMEANSNF,k=11,0.5370613862597314,1.0075711007543222,0.7647735881728785
rayyan,6,48,27.145454545454545,12,1000,5.0,10.0,,,Unified,GMM,"n_components=9, covariance type=tied",0.594575806199608,0.4989076250240183,1.2994774366350534
rayyan,6,48,27.145454545454545,12,1000,5.0,10.0,,,Unified,HC,"k=5, linkage=average, metric=euclidean",0.5521476678199847,0.3493607913765536,1.7072590508597731
rayyan,6,48,27.145454545454545,12,1000,5.0,10.0,,,Unified,KMEANS,k=9,0.6047582472952802,0.4921514125189757,1.318326629397655
rayyan,6,48,27.145454545454545,12,1000,5.0,10.0,,,Unified,KMEANSPPS,k=10,0.5936796890585597,0.9384474304195335,0.8296347393658237
rayyan,7,51,31.681818181818183,12,1000,5.0,15.0,,,mode,KMEANS,k=29,0.4664596590105879,1.0556970100026697,0.7068505703642034
rayyan,7,51,31.681818181818183,12,1000,5.0,15.0,,,bigdansing,KMEANSNF,k=10,0.565331994476924,0.6928828906227155,1.0042886650324876
rayyan,7,51,31.681818181818183,12,1000,5.0,15.0,,,bigdansing,GMM,"n_components=10, covariance type=tied",0.6601524204317089,0.4409290372396465,1.4640455290208854
rayyan,7,51,31.681818181818183,12,1000,5.0,15.0,,,bigdansing,HC,"k=5, linkage=single, metric=manhattan",0.5685052224025321,0.24466437501526128,2.3278684828164606
rayyan,7,51,31.681818181818183,12,1000,5.0,15.0,,,bigdansing,KMEANS,k=10,0.6601524204317089,0.4409290372396465,1.4640455290208854
rayyan,7,51,31.681818181818183,12,1000,5.0,15.0,,,bigdansing,KMEANSPPS,k=10,0.5961098726438253,0.6781548820027565,1.0353496359093848
rayyan,7,51,31.681818181818183,12,1000,5.0,15.0,,,holoclean,KMEANSNF,k=28,0.37765089755421943,1.0053758312176928,0.6861519056846814
rayyan,7,51,31.681818181818183,12,1000,5.0,15.0,,,holoclean,GMM,"n_components=13, covariance type=tied",0.3724035920502046,0.9124650449265,0.7341679924072064
rayyan,7,51,31.681818181818183,12,1000,5.0,15.0,,,holoclean,HC,"k=27, linkage=single, metric=manhattan",0.3265438862781472,0.3143676312776864,1.7537664796403245
rayyan,7,51,31.681818181818183,12,1000,5.0,15.0,,,holoclean,KMEANS,k=28,0.37710294767406444,0.8594417000289949,0.7703245015864788
rayyan,7,51,31.681818181818183,12,1000,5.0,15.0,,,holoclean,KMEANSPPS,k=28,0.3547666281657291,1.005666372488849,0.674566091272269
rayyan,7,51,31.681818181818183,12,1000,5.0,15.0,,,horizon,KMEANSNF,k=7,0.5898016129221618,0.5717437124471259,1.169418512759844
rayyan,7,51,31.681818181818183,12,1000,5.0,15.0,,,horizon,GMM,"n_components=8, covariance type=tied",0.5462130788693328,0.35342220473643604,1.6878450400132423
rayyan,7,51,31.681818181818183,12,1000,5.0,15.0,,,horizon,HC,"k=5, linkage=single, metric=euclidean",0.5743221483630505,0.25069822943244696,2.2815907960505015
rayyan,7,51,31.681818181818183,12,1000,5.0,15.0,,,horizon,KMEANS,k=8,0.6042139944511087,0.4281992072190706,1.4697878139352298
rayyan,7,51,31.681818181818183,12,1000,5.0,15.0,,,horizon,KMEANSPPS,k=8,0.5408641147179036,0.6051313372345517,1.0966989670929583
rayyan,7,51,31.681818181818183,12,1000,5.0,15.0,,,scared,KMEANSNF,k=7,0.41177797691113976,0.6106906292952934,1.0246341533797068
rayyan,7,51,31.681818181818183,12,1000,5.0,15.0,,,scared,GMM,"n_components=8, covariance type=spherical",0.47823572720819807,0.6137254192567245,1.0538144433963195
rayyan,7,51,31.681818181818183,12,1000,5.0,15.0,,,scared,HC,"k=7, linkage=single, metric=euclidean",0.6064643776885973,0.27910743475499616,2.094657058765467
rayyan,7,51,31.681818181818183,12,1000,5.0,15.0,,,scared,KMEANS,k=8,0.5696886650566967,0.47074461529513917,1.3469913730983585
rayyan,7,51,31.681818181818183,12,1000,5.0,15.0,,,scared,KMEANSPPS,k=7,0.3768074495228516,0.9951925349562014,0.6908190689661582
rayyan,7,51,31.681818181818183,12,1000,5.0,15.0,,,baran,KMEANSNF,k=7,0.4610655592520437,1.3417117243958907,0.6031910719466963
rayyan,7,51,31.681818181818183,12,1000,5.0,15.0,,,baran,GMM,"n_components=8, covariance type=spherical",0.5462261422132715,0.43147655412748465,1.4319245875541071
rayyan,7,51,31.681818181818183,12,1000,5.0,15.0,,,baran,HC,"k=5, linkage=single, metric=manhattan",0.6275563152392079,0.22335499548140195,2.5523669965320224
rayyan,7,51,31.681818181818183,12,1000,5.0,15.0,,,baran,KMEANS,k=9,0.5620818296843795,0.5865919133621884,1.1334222528905329
rayyan,7,51,31.681818181818183,12,1000,5.0,15.0,,,baran,KMEANSPPS,k=9,0.55163216125893,0.8914640894540017,0.8366911690542123
rayyan,7,51,31.681818181818183,12,1000,5.0,15.0,,,Unified,KMEANSNF,k=7,0.48783542857569284,0.6074679016983852,1.0670064710798979
rayyan,7,51,31.681818181818183,12,1000,5.0,15.0,,,Unified,GMM,"n_components=6, covariance type=diag",0.5892573583415054,0.2892745407197026,2.02309050217122
rayyan,7,51,31.681818181818183,12,1000,5.0,15.0,,,Unified,HC,"k=5, linkage=single, metric=manhattan",0.6416966649997274,0.21161885237982098,2.6835867859840667
rayyan,7,51,31.681818181818183,12,1000,5.0,15.0,,,Unified,KMEANS,k=8,0.5262420276776543,0.5132376490694073,1.2373285781252557
rayyan,7,51,31.681818181818183,12,1000,5.0,15.0,,,Unified,KMEANSPPS,k=8,0.48482057238712256,0.5966192186348515,1.0804657567231064
rayyan,8,50,22.70909090909091,12,1000,10.0,0.0,,,mode,KMEANS,k=31,0.6420452775739738,0.7295775460918831,1.0063507477431113
rayyan,8,50,22.70909090909091,12,1000,10.0,0.0,,,bigdansing,KMEANSNF,k=20,0.6702000374086707,0.5365699213478045,1.2669450217638718
rayyan,8,50,22.70909090909091,12,1000,10.0,0.0,,,bigdansing,GMM,"n_components=17, covariance type=tied",0.7431616445710391,0.4292303480932628,1.5364565171684927
rayyan,8,50,22.70909090909091,12,1000,10.0,0.0,,,bigdansing,HC,"k=19, linkage=single, metric=euclidean",0.6479145506422995,0.21498725361333496,2.6496765521452277
rayyan,8,50,22.70909090909091,12,1000,10.0,0.0,,,bigdansing,KMEANS,k=22,0.702258555059379,0.37458416468684547,1.6859427777693563
rayyan,8,50,22.70909090909091,12,1000,10.0,0.0,,,bigdansing,KMEANSPPS,k=22,0.5765080684956689,0.6140237167791018,1.102554828071858
rayyan,8,50,22.70909090909091,12,1000,10.0,0.0,,,holoclean,KMEANSNF,k=24,0.46161124645438184,0.7991246760643487,0.8564902191058671
rayyan,8,50,22.70909090909091,12,1000,10.0,0.0,,,holoclean,GMM,"n_components=9, covariance type=tied",0.52277470193689,0.681348922499814,0.9952257463761026
rayyan,8,50,22.70909090909091,12,1000,10.0,0.0,,,holoclean,HC,"k=5, linkage=single, metric=euclidean",0.7097130367603133,0.2432332886254846,2.410496200043421
rayyan,8,50,22.70909090909091,12,1000,10.0,0.0,,,holoclean,KMEANS,k=31,0.4950496975379317,0.6220677551538427,1.051295814001436
rayyan,8,50,22.70909090909091,12,1000,10.0,0.0,,,holoclean,KMEANSPPS,k=18,0.5041332941712128,0.8322138479568254,0.8528737608191184
rayyan,8,50,22.70909090909091,12,1000,10.0,0.0,,,horizon,KMEANSNF,k=20,0.5841541223683789,0.6287676799443492,1.0872833288540764
rayyan,8,50,22.70909090909091,12,1000,10.0,0.0,,,horizon,GMM,"n_components=10, covariance type=tied",0.6497730522365968,0.3866394532423253,1.6180809888329617
rayyan,8,50,22.70909090909091,12,1000,10.0,0.0,,,horizon,HC,"k=5, linkage=single, metric=manhattan",0.734781070189635,0.16566863697979345,3.3854632923481103
rayyan,8,50,22.70909090909091,12,1000,10.0,0.0,,,horizon,KMEANS,k=20,0.6952243190140718,0.4910559383346353,1.3658260959797268
rayyan,8,50,22.70909090909091,12,1000,10.0,0.0,,,horizon,KMEANSPPS,k=17,0.6059708245073324,0.513212760029001,1.277240222231005
rayyan,8,50,22.70909090909091,12,1000,10.0,0.0,,,scared,KMEANSNF,k=8,0.5250865412676665,1.025574336841894,0.75007497071486
rayyan,8,50,22.70909090909091,12,1000,10.0,0.0,,,scared,GMM,"n_components=9, covariance type=tied",0.5944058405336188,0.5698361045917676,1.174648199656752
rayyan,8,50,22.70909090909091,12,1000,10.0,0.0,,,scared,HC,"k=16, linkage=single, metric=euclidean",0.5251834506504436,0.24206138059705268,2.328183513518501
rayyan,8,50,22.70909090909091,12,1000,10.0,0.0,,,scared,KMEANS,k=17,0.6315628895086479,0.5363828132748845,1.2479515061834938
rayyan,8,50,22.70909090909091,12,1000,10.0,0.0,,,scared,KMEANSPPS,k=13,0.5944778127434018,0.8781620533748965,0.8666098989788533
rayyan,8,50,22.70909090909091,12,1000,10.0,0.0,,,baran,KMEANSNF,k=18,0.6277247868820117,0.7803605546045304,0.9545918575966987
rayyan,8,50,22.70909090909091,12,1000,10.0,0.0,,,baran,GMM,"n_components=12, covariance type=tied",0.6323241048355672,0.577304395332939,1.1822562724551062
rayyan,8,50,22.70909090909091,12,1000,10.0,0.0,,,baran,HC,"k=10, linkage=single, metric=euclidean",0.6388489181344107,0.22729097105769505,2.519247873403717
rayyan,8,50,22.70909090909091,12,1000,10.0,0.0,,,baran,KMEANS,k=18,0.6777486307851793,0.5122651933934669,1.3149312609909878
rayyan,8,50,22.70909090909091,12,1000,10.0,0.0,,,baran,KMEANSPPS,k=10,0.6242227515354154,0.9553406925216036,0.835484873739682
rayyan,8,50,22.70909090909091,12,1000,10.0,0.0,,,Unified,KMEANSNF,k=7,0.5753697572190121,1.3549576366698612,0.6567001057046291
rayyan,8,50,22.70909090909091,12,1000,10.0,0.0,,,Unified,GMM,"n_components=10, covariance type=tied",0.5935181706354802,0.5474777926236126,1.2100381383436347
rayyan,8,50,22.70909090909091,12,1000,10.0,0.0,,,Unified,HC,"k=6, linkage=single, metric=euclidean",0.7129270950981635,0.251978247680336,2.3407618137800172
rayyan,8,50,22.70909090909091,12,1000,10.0,0.0,,,Unified,KMEANS,k=19,0.6317146397798319,0.65018907748718,1.0848643938511957
rayyan,8,50,22.70909090909091,12,1000,10.0,0.0,,,Unified,KMEANSPPS,k=11,0.5841929995006674,0.9173146937821334,0.8371657146982329
rayyan,9,55,27.254545454545454,12,1000,10.0,5.0,,,mode,KMEANS,k=31,0.626600506484418,0.8946389678442778,0.8721849184215048
rayyan,9,55,27.254545454545454,12,1000,10.0,5.0,,,bigdansing,KMEANSNF,k=11,0.5809451172203193,1.0044898360325047,0.7882376748555173
rayyan,9,55,27.254545454545454,12,1000,10.0,5.0,,,bigdansing,GMM,"n_components=13, covariance type=tied",0.6068428683612215,0.4456597794502892,1.42535350670629
rayyan,9,55,27.254545454545454,12,1000,10.0,5.0,,,bigdansing,HC,"k=8, linkage=single, metric=manhattan",0.6701753795640697,0.23884431466411238,2.4285015552246842
rayyan,9,55,27.254545454545454,12,1000,10.0,5.0,,,bigdansing,KMEANS,k=16,0.6986002315923469,0.4321179923117372,1.5063914864310985
rayyan,9,55,27.254545454545454,12,1000,10.0,5.0,,,bigdansing,KMEANSPPS,k=17,0.6560419485349029,0.5801008671439538,1.1899400444141324
rayyan,9,55,27.254545454545454,12,1000,10.0,5.0,,,holoclean,KMEANSNF,k=9,0.45428580584415673,1.0146668757103627,0.7199154689427762
rayyan,9,55,27.254545454545454,12,1000,10.0,5.0,,,holoclean,GMM,"n_components=24, covariance type=tied",0.5098140142793853,0.7180273355722268,0.9512593258178228
rayyan,9,55,27.254545454545454,12,1000,10.0,5.0,,,holoclean,HC,"k=6, linkage=single, metric=manhattan",0.6737409772042818,0.24991921534390169,2.3375169747555735
rayyan,9,55,27.254545454545454,12,1000,10.0,5.0,,,holoclean,KMEANS,k=30,0.5147193220426269,0.6111902506661947,1.075435537485315
rayyan,9,55,27.254545454545454,12,1000,10.0,5.0,,,holoclean,KMEANSPPS,k=15,0.4672344736434375,0.8592245527845314,0.8155372929695853
rayyan,9,55,27.254545454545454,12,1000,10.0,5.0,,,horizon,KMEANSNF,k=13,0.5662517832442208,0.6378992239666227,1.0669487608378314
rayyan,9,55,27.254545454545454,12,1000,10.0,5.0,,,horizon,GMM,"n_components=13, covariance type=diag",0.6054559673157516,0.5905173647305815,1.1494431352573902
rayyan,9,55,27.254545454545454,12,1000,10.0,5.0,,,horizon,HC,"k=7, linkage=single, metric=manhattan",0.7081202435792027,0.2051465433721021,2.7913422313549683
rayyan,9,55,27.254545454545454,12,1000,10.0,5.0,,,horizon,KMEANS,k=15,0.6029616498466166,0.6456269263824498,1.0759218830148278
rayyan,9,55,27.254545454545454,12,1000,10.0,5.0,,,horizon,KMEANSPPS,k=15,0.5395498993287622,0.7031290669421713,0.980881947664682
rayyan,9,55,27.254545454545454,12,1000,10.0,5.0,,,scared,KMEANSNF,k=14,0.5474086181661846,0.7529911248354317,0.9377227596448786
rayyan,9,55,27.254545454545454,12,1000,10.0,5.0,,,scared,GMM,"n_components=9, covariance type=tied",0.5388980955458812,0.547704647812005,1.182349827412884
rayyan,9,55,27.254545454545454,12,1000,10.0,5.0,,,scared,HC,"k=7, linkage=single, metric=manhattan",0.7059067751097294,0.2307282822034608,2.520004583988122
rayyan,9,55,27.254545454545454,12,1000,10.0,5.0,,,scared,KMEANS,k=14,0.5839924623483059,0.7563095754702537,0.953101175785112
rayyan,9,55,27.254545454545454,12,1000,10.0,5.0,,,scared,KMEANSPPS,k=9,0.47035244868970194,0.6737555329652349,0.9772851578321541
rayyan,9,55,27.254545454545454,12,1000,10.0,5.0,,,baran,KMEANSNF,k=12,0.49198302095387747,0.8345098156958021,0.8451456373617223
rayyan,9,55,27.254545454545454,12,1000,10.0,5.0,,,baran,GMM,"n_components=9, covariance type=tied",0.5407771243372698,0.5857909655874766,1.1239353550908529
rayyan,9,55,27.254545454545454,12,1000,10.0,5.0,,,baran,HC,"k=8, linkage=single, metric=manhattan",0.7055973419312965,0.20893354934647274,2.7459040461624973
rayyan,9,55,27.254545454545454,12,1000,10.0,5.0,,,baran,KMEANS,k=15,0.6223178447982793,0.6355373324241173,1.0978947669998966
rayyan,9,55,27.254545454545454,12,1000,10.0,5.0,,,baran,KMEANSPPS,k=11,0.33044833892665126,0.8025362423902124,0.7882489920069635
rayyan,9,55,27.254545454545454,12,1000,10.0,5.0,,,Unified,KMEANSNF,k=15,0.5336772300896667,0.8168183052137431,0.8789698525654728
rayyan,9,55,27.254545454545454,12,1000,10.0,5.0,,,Unified,GMM,"n_components=9, covariance type=tied",0.522952948095525,0.5321075305364814,1.2011361693275682
rayyan,9,55,27.254545454545454,12,1000,10.0,5.0,,,Unified,HC,"k=7, linkage=single, metric=manhattan",0.7058670632590516,0.2045199673316158,2.797682601969844
rayyan,9,55,27.254545454545454,12,1000,10.0,5.0,,,Unified,KMEANS,k=14,0.553072605627249,0.7074411345357948,0.9833088886741957
rayyan,9,55,27.254545454545454,12,1000,10.0,5.0,,,Unified,KMEANSPPS,k=13,0.5277777195900388,1.0663927411678098,0.7327592681329912
rayyan,10,47,31.30909090909091,12,1000,10.0,10.0,,,mode,KMEANS,k=31,0.5592820668064176,0.9751235737650504,0.7923965583972868
rayyan,10,47,31.30909090909091,12,1000,10.0,10.0,,,bigdansing,KMEANSNF,k=13,0.7355308752918157,0.47892008042155104,1.4117809643281345
rayyan,10,47,31.30909090909091,12,1000,10.0,10.0,,,bigdansing,GMM,"n_components=12, covariance type=tied",0.7442339356647083,0.3320693259032605,1.8778266525192848
rayyan,10,47,31.30909090909091,12,1000,10.0,10.0,,,bigdansing,HC,"k=5, linkage=single, metric=manhattan",0.6411741753517562,0.2478142720960032,2.338227136293821
rayyan,10,47,31.30909090909091,12,1000,10.0,10.0,,,bigdansing,KMEANS,k=13,0.776568692176178,0.33136446012333043,1.8971969187095015
rayyan,10,47,31.30909090909091,12,1000,10.0,10.0,,,bigdansing,KMEANSPPS,k=14,0.7264771937623771,0.5308777117732805,1.3050750856082436
rayyan,10,47,31.30909090909091,12,1000,10.0,10.0,,,holoclean,KMEANSNF,k=9,0.4780428125945304,0.7843583378549016,0.8764851468720418
rayyan,10,47,31.30909090909091,12,1000,10.0,10.0,,,holoclean,GMM,"n_components=12, covariance type=tied",0.49674828152493483,0.6969446877758233,0.9657911880114568
rayyan,10,47,31.30909090909091,12,1000,10.0,10.0,,,holoclean,HC,"k=5, linkage=single, metric=manhattan",0.7589072228758095,0.245679969404675,2.414621562702252
rayyan,10,47,31.30909090909091,12,1000,10.0,10.0,,,holoclean,KMEANS,k=28,0.4514887346592156,0.5742506963140851,1.0964442257874651
rayyan,10,47,31.30909090909091,12,1000,10.0,10.0,,,holoclean,KMEANSPPS,k=10,0.4235502654577177,1.0937250536953433,0.6689284166466604
rayyan,10,47,31.30909090909091,12,1000,10.0,10.0,,,horizon,KMEANSNF,k=12,0.6351682517435698,1.212432333794955,0.7299782744466441
rayyan,10,47,31.30909090909091,12,1000,10.0,10.0,,,horizon,GMM,"n_components=11, covariance type=full",0.6743372447036594,0.3851838954340563,1.6352498919141505
rayyan,10,47,31.30909090909091,12,1000,10.0,10.0,,,horizon,HC,"k=5, linkage=complete, metric=manhattan",0.7740730250360033,0.14037842791342342,3.948837334994576
rayyan,10,47,31.30909090909091,12,1000,10.0,10.0,,,horizon,KMEANS,k=12,0.6969718649840829,0.41004951690179964,1.567850861337311
rayyan,10,47,31.30909090909091,12,1000,10.0,10.0,,,horizon,KMEANSPPS,k=12,0.6308265265188584,0.7601898322924828,0.9731437126291139
rayyan,10,47,31.30909090909091,12,1000,10.0,10.0,,,scared,KMEANSNF,k=12,0.6523370492913316,0.7464195600486321,0.9960330710241437
rayyan,10,47,31.30909090909091,12,1000,10.0,10.0,,,scared,GMM,"n_components=10, covariance type=tied",0.6364831931422783,0.3997453726517999,1.5690378138810201
rayyan,10,47,31.30909090909091,12,1000,10.0,10.0,,,scared,HC,"k=5, linkage=complete, metric=manhattan",0.7792993313542338,0.13654446474776122,4.051460497215771
rayyan,10,47,31.30909090909091,12,1000,10.0,10.0,,,scared,KMEANS,k=12,0.6832563459771132,0.46145795715863897,1.4251505009568035
rayyan,10,47,31.30909090909091,12,1000,10.0,10.0,,,scared,KMEANSPPS,k=11,0.6523370492913316,0.7464195600486321,0.9960330710241437
rayyan,10,47,31.30909090909091,12,1000,10.0,10.0,,,baran,KMEANSNF,k=10,0.6047279717565025,1.0066011318646648,0.7990850645380594
rayyan,10,47,31.30909090909091,12,1000,10.0,10.0,,,baran,GMM,"n_components=11, covariance type=diag",0.6308841417925695,0.7588115268352109,0.9743672220275006
rayyan,10,47,31.30909090909091,12,1000,10.0,10.0,,,baran,HC,"k=7, linkage=single, metric=manhattan",0.5738424969855596,0.23917836689091285,2.3774113145448053
rayyan,10,47,31.30909090909091,12,1000,10.0,10.0,,,baran,KMEANS,k=11,0.6433897920217214,0.5489002277346893,1.2326072526398597
rayyan,10,47,31.30909090909091,12,1000,10.0,10.0,,,baran,KMEANSPPS,k=9,0.538742039642156,0.8073614922102501,0.8886722929486695
rayyan,10,47,31.30909090909091,12,1000,10.0,10.0,,,Unified,KMEANSNF,k=10,0.5860214725902648,0.9960956973982606,0.794970539259816
rayyan,10,47,31.30909090909091,12,1000,10.0,10.0,,,Unified,GMM,"n_components=12, covariance type=tied",0.6402589946273956,0.5088255347622579,1.3027845840589385
rayyan,10,47,31.30909090909091,12,1000,10.0,10.0,,,Unified,HC,"k=5, linkage=single, metric=euclidean",0.781929017513521,0.13522716818435204,4.088446358841513
rayyan,10,47,31.30909090909091,12,1000,10.0,10.0,,,Unified,KMEANS,k=12,0.6055231450538464,0.5723367680760969,1.1763731031660327
rayyan,10,47,31.30909090909091,12,1000,10.0,10.0,,,Unified,KMEANSPPS,k=10,0.44129791855977035,0.9113775975023684,0.7692689839219772
rayyan,11,57,35.809090909090905,12,1000,10.0,15.0,,,mode,KMEANS,k=27,0.4416546719317621,1.1009211745804373,0.6749924583603619
rayyan,11,57,35.809090909090905,12,1000,10.0,15.0,,,bigdansing,KMEANSNF,k=11,0.6401270128303025,0.6467527338503409,1.093156488988767
rayyan,11,57,35.809090909090905,12,1000,10.0,15.0,,,bigdansing,GMM,"n_components=13, covariance type=full",0.7874010470170655,0.3837235822936383,1.6967218207958676
rayyan,11,57,35.809090909090905,12,1000,10.0,15.0,,,bigdansing,HC,"k=11, linkage=single, metric=euclidean",0.5308138089850396,0.3112637446430355,1.8717616714873446
rayyan,11,57,35.809090909090905,12,1000,10.0,15.0,,,bigdansing,KMEANS,k=11,0.7734092010996574,0.42438328157394134,1.564884848710438
rayyan,11,57,35.809090909090905,12,1000,10.0,15.0,,,bigdansing,KMEANSPPS,k=10,0.7331942324390424,0.8606991388978658,0.9475202023518662
rayyan,11,57,35.809090909090905,12,1000,10.0,15.0,,,holoclean,KMEANSNF,k=9,0.3795540195708527,1.0006510419928685,0.6894517005789462
rayyan,11,57,35.809090909090905,12,1000,10.0,15.0,,,holoclean,GMM,"n_components=10, covariance type=tied",0.46986390353446406,0.7224846498373464,0.926988177615858
rayyan,11,57,35.809090909090905,12,1000,10.0,15.0,,,holoclean,HC,"k=16, linkage=single, metric=euclidean",0.6441729750934049,0.24671914660027122,2.3486823431577335
rayyan,11,57,35.809090909090905,12,1000,10.0,15.0,,,holoclean,KMEANS,k=27,0.4368717714768197,0.7181691450972388,0.9146507028373829
rayyan,11,57,35.809090909090905,12,1000,10.0,15.0,,,holoclean,KMEANSPPS,k=19,0.38315595232945404,1.056530967387468,0.6648248713658895
rayyan,11,57,35.809090909090905,12,1000,10.0,15.0,,,horizon,KMEANSNF,k=7,0.6289868234778636,0.5704712805050117,1.190961723267907
rayyan,11,57,35.809090909090905,12,1000,10.0,15.0,,,horizon,GMM,"n_components=7, covariance type=tied",0.6398557633222531,0.29487232302852495,2.0155770184288104
rayyan,11,57,35.809090909090905,12,1000,10.0,15.0,,,horizon,HC,"k=8, linkage=average, metric=euclidean",0.6336078399426371,0.30824835831440606,1.9388725750459121
rayyan,11,57,35.809090909090905,12,1000,10.0,15.0,,,horizon,KMEANS,k=8,0.6467049575827513,0.43361916869834005,1.47643803425915
rayyan,11,57,35.809090909090905,12,1000,10.0,15.0,,,horizon,KMEANSPPS,k=6,0.6453044506990296,0.3442989071895595,1.7748787342321486
rayyan,11,57,35.809090909090905,12,1000,10.0,15.0,,,scared,KMEANSNF,k=8,0.5930349793414962,0.757358525520103,0.9567067965206757
rayyan,11,57,35.809090909090905,12,1000,10.0,15.0,,,scared,GMM,"n_components=9, covariance type=tied",0.5948479661624969,0.2963459784610263,1.9846410750646888
rayyan,11,57,35.809090909090905,12,1000,10.0,15.0,,,scared,HC,"k=6, linkage=single, metric=manhattan",0.6090195546179676,0.28498529396117045,2.0589862734475024
rayyan,11,57,35.809090909090905,12,1000,10.0,15.0,,,scared,KMEANS,k=8,0.60558518434434,0.5279644543176316,1.2498260447295504
rayyan,11,57,35.809090909090905,12,1000,10.0,15.0,,,scared,KMEANSPPS,k=7,0.5383092452535059,0.7155382787396352,0.9679292582489184
rayyan,11,57,35.809090909090905,12,1000,10.0,15.0,,,baran,KMEANSNF,k=9,0.5561579257020431,0.5554329511979559,1.1782776257528205
rayyan,11,57,35.809090909090905,12,1000,10.0,15.0,,,baran,GMM,"n_components=7, covariance type=tied",0.5622085928992081,0.49669752478331614,1.2877531623124339
rayyan,11,57,35.809090909090905,12,1000,10.0,15.0,,,baran,HC,"k=5, linkage=single, metric=euclidean",0.6474218024207676,0.24617826359503617,2.3547594296153984
rayyan,11,57,35.809090909090905,12,1000,10.0,15.0,,,baran,KMEANS,k=9,0.5972022907780506,0.34782800556567794,1.7360932161808595
rayyan,11,57,35.809090909090905,12,1000,10.0,15.0,,,baran,KMEANSPPS,k=9,0.4355800570712025,0.9325421473337767,0.7539588241547008
rayyan,11,57,35.809090909090905,12,1000,10.0,15.0,,,Unified,KMEANSNF,k=6,0.494095460037922,0.9904816633149847,0.751852633046221
rayyan,11,57,35.809090909090905,12,1000,10.0,15.0,,,Unified,GMM,"n_components=2, covariance type=tied",0.7633065007354457,0.16453357952501696,3.420546596293964
rayyan,11,57,35.809090909090905,12,1000,10.0,15.0,,,Unified,HC,"k=6, linkage=single, metric=manhattan",0.5884976994660743,0.2762097744408886,2.1044671919771294
rayyan,11,57,35.809090909090905,12,1000,10.0,15.0,,,Unified,KMEANS,k=8,0.6080593626600571,0.36639257079153176,1.6686861723714026
rayyan,11,57,35.809090909090905,12,1000,10.0,15.0,,,Unified,KMEANSPPS,k=8,0.4438545145908142,0.8268736736531996,0.8266145462145918
rayyan,12,54,26.936363636363637,12,1000,15.0,0.0,,,mode,KMEANS,k=31,0.687553525067246,0.7385073042862208,1.0208181365295892
rayyan,12,54,26.936363636363637,12,1000,15.0,0.0,,,bigdansing,KMEANSNF,k=16,0.7040555492234639,0.41670900144131373,1.5519058628474054
rayyan,12,54,26.936363636363637,12,1000,15.0,0.0,,,bigdansing,GMM,"n_components=10, covariance type=tied",0.6905153153389453,0.37847370680259923,1.6663533930220615
rayyan,12,54,26.936363636363637,12,1000,15.0,0.0,,,bigdansing,HC,"k=14, linkage=single, metric=manhattan",0.684393321755917,0.19007473211859122,2.9727409443129633
rayyan,12,54,26.936363636363637,12,1000,15.0,0.0,,,bigdansing,KMEANS,k=21,0.675939521708796,0.5581150345570626,1.2338424197889768
rayyan,12,54,26.936363636363637,12,1000,15.0,0.0,,,bigdansing,KMEANSPPS,k=12,0.6219929083573984,1.0195676435563856,0.8014004044805492
rayyan,12,54,26.936363636363637,12,1000,15.0,0.0,,,holoclean,KMEANSNF,k=15,0.4810835180265991,0.8974917633233508,0.7976499358599974
rayyan,12,54,26.936363636363637,12,1000,15.0,0.0,,,holoclean,GMM,"n_components=10, covariance type=tied",0.4634461437636106,0.6781133016646014,0.969062980673777
rayyan,12,54,26.936363636363637,12,1000,15.0,0.0,,,holoclean,HC,"k=30, linkage=single, metric=manhattan",0.3682795476779234,0.30179922185721575,1.8408703542662201
rayyan,12,54,26.936363636363637,12,1000,15.0,0.0,,,holoclean,KMEANS,k=21,0.5290412867077321,0.7169782793627956,0.9618918390954833
rayyan,12,54,26.936363636363637,12,1000,15.0,0.0,,,holoclean,KMEANSPPS,k=11,0.504398746403074,0.8676413087432148,0.8284743787383917
rayyan,12,54,26.936363636363637,12,1000,15.0,0.0,,,horizon,KMEANSNF,k=11,0.6355268177959266,1.0562833711373256,0.7911212347071853
rayyan,12,54,26.936363636363637,12,1000,15.0,0.0,,,horizon,GMM,"n_components=12, covariance type=tied",0.6478328584014434,0.5487682561203074,1.2350478483810325
rayyan,12,54,26.936363636363637,12,1000,15.0,0.0,,,horizon,HC,"k=16, linkage=single, metric=euclidean",0.5668951348052643,0.230644038733558,2.451290286188893
rayyan,12,54,26.936363636363637,12,1000,15.0,0.0,,,horizon,KMEANS,k=20,0.5833314333586589,0.6223948682412023,1.0950142426929317
rayyan,12,54,26.936363636363637,12,1000,15.0,0.0,,,horizon,KMEANSPPS,k=17,0.6586603854188218,0.5860210046886741,1.1825419308545766
rayyan,12,54,26.936363636363637,12,1000,15.0,0.0,,,scared,KMEANSNF,k=12,0.6024420804395944,0.8817326039192472,0.8682863815461026
rayyan,12,54,26.936363636363637,12,1000,15.0,0.0,,,scared,GMM,"n_components=8, covariance type=tied",0.537495670987017,0.5865456291346178,1.121196434825318
rayyan,12,54,26.936363636363637,12,1000,15.0,0.0,,,scared,HC,"k=10, linkage=single, metric=manhattan",0.6116574851509547,0.24362107308259887,2.3581963545943143
rayyan,12,54,26.936363636363637,12,1000,15.0,0.0,,,scared,KMEANS,k=20,0.6107786916568851,0.6962456118466367,1.023526726506306
rayyan,12,54,26.936363636363637,12,1000,15.0,0.0,,,scared,KMEANSPPS,k=11,0.603961642942684,0.6590714815666923,1.0606238730739386
rayyan,12,54,26.936363636363637,12,1000,15.0,0.0,,,baran,KMEANSNF,k=9,0.6191239542864313,0.7172661006254423,1.0066533349586897
rayyan,12,54,26.936363636363637,12,1000,15.0,0.0,,,baran,GMM,"n_components=10, covariance type=tied",0.6073387889900432,0.5973021914761896,1.1407666078239829
rayyan,12,54,26.936363636363637,12,1000,15.0,0.0,,,baran,HC,"k=14, linkage=single, metric=manhattan",0.5832151849233412,0.27018791498037886,2.1421714862476313
rayyan,12,54,26.936363636363637,12,1000,15.0,0.0,,,baran,KMEANS,k=18,0.6464617905265574,0.6585534899037345,1.0824706649486364
rayyan,12,54,26.936363636363637,12,1000,15.0,0.0,,,baran,KMEANSPPS,k=9,0.5142530220100503,0.8456015849007374,0.8484215238433626
rayyan,12,54,26.936363636363637,12,1000,15.0,0.0,,,Unified,KMEANSNF,k=9,0.5828216131073743,0.9122894040872482,0.8394825015222958
rayyan,12,54,26.936363636363637,12,1000,15.0,0.0,,,Unified,GMM,"n_components=8, covariance type=tied",0.5304344371587983,0.5886383629485401,1.1146351829394812
rayyan,12,54,26.936363636363637,12,1000,15.0,0.0,,,Unified,HC,"k=17, linkage=single, metric=euclidean",0.4831102797029272,0.24219399963302923,2.3060158645498325
rayyan,12,54,26.936363636363637,12,1000,15.0,0.0,,,Unified,KMEANS,k=18,0.5949005020273981,0.7467228455322983,0.9670427283184172
rayyan,12,54,26.936363636363637,12,1000,15.0,0.0,,,Unified,KMEANSPPS,k=19,0.5438794345588412,0.8601353302766644,0.853243591681573
rayyan,13,52,31.418181818181818,12,1000,15.0,5.0,,,mode,KMEANS,k=29,0.6112632212142927,0.8621579198931506,0.8855717682779896
rayyan,13,52,31.418181818181818,12,1000,15.0,5.0,,,bigdansing,KMEANSNF,k=18,0.6631790842624784,0.4104904421670143,1.5496446991781536
rayyan,13,52,31.418181818181818,12,1000,15.0,5.0,,,bigdansing,GMM,"n_components=10, covariance type=full",0.7686063945291106,0.3103896543012906,1.9951816304569756
rayyan,13,52,31.418181818181818,12,1000,15.0,5.0,,,bigdansing,HC,"k=5, linkage=single, metric=manhattan",0.7877816498633473,0.1333359401258868,4.143817510324477
rayyan,13,52,31.418181818181818,12,1000,15.0,5.0,,,bigdansing,KMEANS,k=18,0.7697910558393524,0.30762873207339037,2.0102313560461464
rayyan,13,52,31.418181818181818,12,1000,15.0,5.0,,,bigdansing,KMEANSPPS,k=18,0.6642504676949391,0.8166896387866549,0.9443529103768835
rayyan,13,52,31.418181818181818,12,1000,15.0,5.0,,,holoclean,KMEANSNF,k=11,0.4954839073133506,1.0073638981578288,0.7440869198742978
rayyan,13,52,31.418181818181818,12,1000,15.0,5.0,,,holoclean,GMM,"n_components=19, covariance type=tied",0.5257719566907152,0.6915678369509308,0.9858808506986778
rayyan,13,52,31.418181818181818,12,1000,15.0,5.0,,,holoclean,HC,"k=5, linkage=single, metric=euclidean",0.8010915725668208,0.1221944584025346,4.492384373209287
rayyan,13,52,31.418181818181818,12,1000,15.0,5.0,,,holoclean,KMEANS,k=30,0.45811422724583695,0.673255455929407,0.9717172667586497
rayyan,13,52,31.418181818181818,12,1000,15.0,5.0,,,holoclean,KMEANSPPS,k=10,0.5085618791831827,0.965180893877917,0.7723185459837912
rayyan,13,52,31.418181818181818,12,1000,15.0,5.0,,,horizon,KMEANSNF,k=11,0.6738407513987262,0.736679586539754,1.0156415037661013
rayyan,13,52,31.418181818181818,12,1000,15.0,5.0,,,horizon,GMM,"n_components=9, covariance type=tied",0.6825111518483454,0.38412056984842424,1.6429302042766776
rayyan,13,52,31.418181818181818,12,1000,15.0,5.0,,,horizon,HC,"k=5, linkage=complete, metric=euclidean",0.781675625173232,0.17043705557794894,3.324472158149024
rayyan,13,52,31.418181818181818,12,1000,15.0,5.0,,,horizon,KMEANS,k=15,0.6952689741101138,0.46104096564847247,1.4321368138639774
rayyan,13,52,31.418181818181818,12,1000,15.0,5.0,,,horizon,KMEANSPPS,k=13,0.6220972631598726,0.6466957325094659,1.084209756456667
rayyan,13,52,31.418181818181818,12,1000,15.0,5.0,,,scared,KMEANSNF,k=14,0.6415607050983305,0.7062095499089501,1.028785504935541
rayyan,13,52,31.418181818181818,12,1000,15.0,5.0,,,scared,GMM,"n_components=8, covariance type=tied",0.55209689551315,0.5045885084920443,1.2669548825746073
rayyan,13,52,31.418181818181818,12,1000,15.0,5.0,,,scared,HC,"k=5, linkage=single, metric=manhattan",0.6612285325577368,0.26254248691549076,2.235067925853381
rayyan,13,52,31.418181818181818,12,1000,15.0,5.0,,,scared,KMEANS,k=13,0.6635703342226212,0.5017460012441172,1.3283053162708698
rayyan,13,52,31.418181818181818,12,1000,15.0,5.0,,,scared,KMEANSPPS,k=14,0.6463172357439186,1.0633956212320217,0.7933505107262042
rayyan,13,52,31.418181818181818,12,1000,15.0,5.0,,,baran,KMEANSNF,k=14,0.6045250989897798,0.6940271130404909,1.0226954988785677
rayyan,13,52,31.418181818181818,12,1000,15.0,5.0,,,baran,GMM,"n_components=12, covariance type=tied",0.6647969841274468,0.472584669418896,1.3904099603892082
rayyan,13,52,31.418181818181818,12,1000,15.0,5.0,,,baran,HC,"k=12, linkage=average, metric=manhattan",0.5048673198304418,0.27980386970512494,2.0393996533696064
rayyan,13,52,31.418181818181818,12,1000,15.0,5.0,,,baran,KMEANS,k=15,0.6861542210410047,0.5498015949571005,1.2524960801744802
rayyan,13,52,31.418181818181818,12,1000,15.0,5.0,,,baran,KMEANSPPS,k=11,0.6256899603794769,0.8292737706664411,0.9157821737756129
rayyan,13,52,31.418181818181818,12,1000,15.0,5.0,,,Unified,KMEANSNF,k=10,0.5887869441707113,0.8702417218221404,0.8689464812804144
rayyan,13,52,31.418181818181818,12,1000,15.0,5.0,,,Unified,GMM,"n_components=7, covariance type=tied",0.5482748387324766,0.5236812594161039,1.2289166691669509
rayyan,13,52,31.418181818181818,12,1000,15.0,5.0,,,Unified,HC,"k=6, linkage=single, metric=manhattan",0.6042124894802943,0.1980665700412809,2.826510034313473
rayyan,13,52,31.418181818181818,12,1000,15.0,5.0,,,Unified,KMEANS,k=14,0.651212605264761,0.5644107189225247,1.2114860055453824
rayyan,13,52,31.418181818181818,12,1000,15.0,5.0,,,Unified,KMEANSPPS,k=13,0.6136232774220866,0.7177383234685687,1.0034443579779784
rayyan,14,56,35.763636363636365,12,1000,15.0,10.0,,,mode,KMEANS,k=29,0.5535132319246159,1.0096628853729028,0.7719714121517638
rayyan,14,56,35.763636363636365,12,1000,15.0,10.0,,,bigdansing,KMEANSNF,k=10,0.7310983922123587,0.923847409988749,0.9067641138446934
rayyan,14,56,35.763636363636365,12,1000,15.0,10.0,,,bigdansing,GMM,"n_components=10, covariance type=full",0.7475277835077007,0.4531985683255427,1.477033043391679
rayyan,14,56,35.763636363636365,12,1000,15.0,10.0,,,bigdansing,HC,"k=10, linkage=single, metric=manhattan",0.6440743590405987,0.2839229705771238,2.083078207597955
rayyan,14,56,35.763636363636365,12,1000,15.0,10.0,,,bigdansing,KMEANS,k=13,0.735053250573415,0.5126044760753852,1.3429375382543665
rayyan,14,56,35.763636363636365,12,1000,15.0,10.0,,,bigdansing,KMEANSPPS,k=13,0.7475277835077007,0.4531985683255428,1.4770330433916787
rayyan,14,56,35.763636363636365,12,1000,15.0,10.0,,,holoclean,KMEANSNF,k=13,0.3872873138975121,1.2626695670208221,0.5896300757706763
rayyan,14,56,35.763636363636365,12,1000,15.0,10.0,,,holoclean,GMM,"n_components=9, covariance type=tied",0.3503177336959454,0.894563244371482,0.734090840798343
rayyan,14,56,35.763636363636365,12,1000,15.0,10.0,,,holoclean,HC,"k=7, linkage=single, metric=manhattan",0.5528791610852107,0.27065294553007296,2.1238238719670033
rayyan,14,56,35.763636363636365,12,1000,15.0,10.0,,,holoclean,KMEANS,k=25,0.36198894108411606,0.9751708637650274,0.6937251299359974
rayyan,14,56,35.763636363636365,12,1000,15.0,10.0,,,holoclean,KMEANSPPS,k=15,0.38765968699604,1.1292110396420563,0.6366168712962009
rayyan,14,56,35.763636363636365,12,1000,15.0,10.0,,,horizon,KMEANSNF,k=11,0.5309842337055618,1.2039976009058582,0.6807753363739928
rayyan,14,56,35.763636363636365,12,1000,15.0,10.0,,,horizon,GMM,"n_components=12, covariance type=tied",0.6364678219452695,0.5807998158125355,1.1791157266813794
rayyan,14,56,35.763636363636365,12,1000,15.0,10.0,,,horizon,HC,"k=12, linkage=single, metric=euclidean",0.5192451001737751,0.2681737137723846,2.124085673509866
rayyan,14,56,35.763636363636365,12,1000,15.0,10.0,,,horizon,KMEANS,k=11,0.6345251625430595,0.5682705176407888,1.1971252249923086
rayyan,14,56,35.763636363636365,12,1000,15.0,10.0,,,horizon,KMEANSPPS,k=10,0.5284480505406419,0.9392329377842239,0.7965733285002171
rayyan,14,56,35.763636363636365,12,1000,15.0,10.0,,,scared,KMEANSNF,k=8,0.5542672794831872,1.1184506341440419,0.724180639167414
rayyan,14,56,35.763636363636365,12,1000,15.0,10.0,,,scared,GMM,"n_components=9, covariance type=tied",0.5585089942558126,0.5812221844525902,1.139510718199221
rayyan,14,56,35.763636363636365,12,1000,15.0,10.0,,,scared,HC,"k=5, linkage=single, metric=manhattan",0.6213133711886708,0.289662867997731,2.036801301423785
rayyan,14,56,35.763636363636365,12,1000,15.0,10.0,,,scared,KMEANS,k=11,0.6040065822448376,0.67178768518637,1.0462860623394707
rayyan,14,56,35.763636363636365,12,1000,15.0,10.0,,,scared,KMEANSPPS,k=9,0.4558793009377843,0.9171336391115963,0.7731164695029613
rayyan,14,56,35.763636363636365,12,1000,15.0,10.0,,,baran,KMEANSNF,k=8,0.4484967321358218,1.4425365444729727,0.5708600355716972
rayyan,14,56,35.763636363636365,12,1000,15.0,10.0,,,baran,GMM,"n_components=10, covariance type=full",0.5403195156242053,0.7924753605381128,0.9010942005693968
rayyan,14,56,35.763636363636365,12,1000,15.0,10.0,,,baran,HC,"k=7, linkage=single, metric=manhattan",0.49140468118770264,0.2782249888785368,2.042809070709608
rayyan,14,56,35.763636363636365,12,1000,15.0,10.0,,,baran,KMEANS,k=10,0.5596268386764345,0.8159277241367835,0.892612795078242
rayyan,14,56,35.763636363636365,12,1000,15.0,10.0,,,baran,KMEANSPPS,k=9,0.5104679511358322,0.9299175765973489,0.7929160374873654
rayyan,14,56,35.763636363636365,12,1000,15.0,10.0,,,Unified,KMEANSNF,k=11,0.5649418251071149,1.0170606798153818,0.7740836647944175
rayyan,14,56,35.763636363636365,12,1000,15.0,10.0,,,Unified,GMM,"n_components=9, covariance type=tied",0.5339125938057907,0.6312072038232401,1.0590892082060073
rayyan,14,56,35.763636363636365,12,1000,15.0,10.0,,,Unified,HC,"k=5, linkage=single, metric=manhattan",0.6179059693753233,0.28864476039099,2.0411860566572138
rayyan,14,56,35.763636363636365,12,1000,15.0,10.0,,,Unified,KMEANS,k=12,0.593657771036824,0.7159099501536156,0.9952407456870171
rayyan,14,56,35.763636363636365,12,1000,15.0,10.0,,,Unified,KMEANSPPS,k=12,0.5838277422803433,0.8095802615369347,0.9095178614484123
rayyan,15,59,39.85454545454545,12,1000,15.0,15.0,,,mode,KMEANS,k=29,0.40160629551311067,1.1374836063879856,0.6403699223386713
rayyan,15,59,39.85454545454545,12,1000,15.0,15.0,,,bigdansing,KMEANSNF,k=12,0.5723568770515018,1.0879463221425754,0.7457599360901822
rayyan,15,59,39.85454545454545,12,1000,15.0,15.0,,,bigdansing,GMM,"n_components=12, covariance type=diag",0.7068431951485066,0.3857864514173294,1.6494754070407724
rayyan,15,59,39.85454545454545,12,1000,15.0,15.0,,,bigdansing,HC,"k=11, linkage=single, metric=manhattan",0.5233257218964869,0.26265441807385587,2.1653049305037033
rayyan,15,59,39.85454545454545,12,1000,15.0,15.0,,,bigdansing,KMEANS,k=12,0.7304491026251383,0.37568685424802695,1.6961202010972753
rayyan,15,59,39.85454545454545,12,1000,15.0,15.0,,,bigdansing,KMEANSPPS,k=11,0.5680464340290967,0.7716622504513069,0.9319750893622949
rayyan,15,59,39.85454545454545,12,1000,15.0,15.0,,,holoclean,KMEANSNF,k=13,0.36506001361604323,1.077264705526896,0.6466684840409198
rayyan,15,59,39.85454545454545,12,1000,15.0,15.0,,,holoclean,GMM,"n_components=15, covariance type=tied",0.39865972686179585,0.8425937613958379,0.7927356336940219
rayyan,15,59,39.85454545454545,12,1000,15.0,15.0,,,holoclean,HC,"k=5, linkage=single, metric=manhattan",0.6051738288330875,0.224876890472346,2.526025698854409
rayyan,15,59,39.85454545454545,12,1000,15.0,15.0,,,holoclean,KMEANS,k=27,0.40376094531028917,0.8096738796481359,0.8194130528308661
rayyan,15,59,39.85454545454545,12,1000,15.0,15.0,,,holoclean,KMEANSPPS,k=19,0.34986206866021197,1.0571054027156477,0.6479207652647191
rayyan,15,59,39.85454545454545,12,1000,15.0,15.0,,,horizon,KMEANSNF,k=8,0.5595624684502103,0.6757629287122352,1.019685687037903
rayyan,15,59,39.85454545454545,12,1000,15.0,15.0,,,horizon,GMM,"n_components=9, covariance type=tied",0.5724404372304047,0.4800222189685063,1.3278386692661386
rayyan,15,59,39.85454545454545,12,1000,15.0,15.0,,,horizon,HC,"k=7, linkage=single, metric=manhattan",0.596237658110574,0.34444976949262124,1.7497092909577763
rayyan,15,59,39.85454545454545,12,1000,15.0,15.0,,,horizon,KMEANS,k=9,0.6453589734722285,0.5529718535370416,1.2268846407630123
rayyan,15,59,39.85454545454545,12,1000,15.0,15.0,,,horizon,KMEANSPPS,k=9,0.6422238373735988,0.6190542942740493,1.1287955170799555
rayyan,15,59,39.85454545454545,12,1000,15.0,15.0,,,scared,KMEANSNF,k=9,0.632668902837593,0.7796648094117045,0.9576356797983032
rayyan,15,59,39.85454545454545,12,1000,15.0,15.0,,,scared,GMM,"n_components=8, covariance type=tied",0.5764918709085181,0.6007256867106723,1.1205725881362762
rayyan,15,59,39.85454545454545,12,1000,15.0,15.0,,,scared,HC,"k=5, linkage=average, metric=manhattan",0.6228555426758181,0.2246398912260566,2.537212324878521
rayyan,15,59,39.85454545454545,12,1000,15.0,15.0,,,scared,KMEANS,k=9,0.6247009918251554,0.5638880558604717,1.1990513132175638
rayyan,15,59,39.85454545454545,12,1000,15.0,15.0,,,scared,KMEANSPPS,k=9,0.6455100399751995,0.6392985503152189,1.1048622213154693
rayyan,15,59,39.85454545454545,12,1000,15.0,15.0,,,baran,KMEANSNF,k=10,0.5540819381979759,0.755489695274968,0.938863364728117
rayyan,15,59,39.85454545454545,12,1000,15.0,15.0,,,baran,GMM,"n_components=7, covariance type=tied",0.46465402990835636,0.617684239177677,1.041802096697643
rayyan,15,59,39.85454545454545,12,1000,15.0,15.0,,,baran,HC,"k=10, linkage=single, metric=euclidean",0.582656767579706,0.25455465581566106,2.255543095942206
rayyan,15,59,39.85454545454545,12,1000,15.0,15.0,,,baran,KMEANS,k=10,0.581669539442243,0.7945606511326063,0.920113351900185
rayyan,15,59,39.85454545454545,12,1000,15.0,15.0,,,baran,KMEANSPPS,k=10,0.5276587910017306,1.3416034753315922,0.6365177562524797
rayyan,15,59,39.85454545454545,12,1000,15.0,15.0,,,Unified,KMEANSNF,k=9,0.5594548466395468,1.0446905012632919,0.758338073455268
rayyan,15,59,39.85454545454545,12,1000,15.0,15.0,,,Unified,GMM,"n_components=2, covariance type=tied",0.7151552006794357,0.20298153108239905,2.8208558963194057
rayyan,15,59,39.85454545454545,12,1000,15.0,15.0,,,Unified,HC,"k=5, linkage=single, metric=manhattan",0.5944510466476804,0.22141090475338782,2.555470213470925
rayyan,15,59,39.85454545454545,12,1000,15.0,15.0,,,Unified,KMEANS,k=9,0.5822212253450046,0.499684972795265,1.2917410643008005
rayyan,15,59,39.85454545454545,12,1000,15.0,15.0,,,Unified,KMEANSPPS,k=8,0.5598801211299357,0.7399695638326393,0.9556435278944513
