task_name,num,dataset_id,error_rate,m,n,anomaly,missing,format,knowledge,cleaning_method,multi_wasserstein,outlier_ratio_rep,mean_col1,var_col1,normal_p_col1,mean_col2,var_col2,normal_p_col2,mean_col3,var_col3,normal_p_col3,kl_numeric_avg,corr_avg,corr_max,cat_kl_avg
hospital,1,32,4.247368421052632,20,1000,2.5,0.0,2.5,0.0,mode,32828.9708813747,1.0,2565435200.0,0.0,1.0,10039.0,0.0,1.0,35233.0,0.0,1.0,-0.06656027247210772,,,-0.02224293537557098
hospital,1,32,4.247368421052632,20,1000,2.5,0.0,2.5,0.0,bigdansing,23735.723525116417,0.111,2862372829.730578,1.4951379762436928e+18,7.006492321624085e-45,9921.032466418928,11037656.931127569,0.0,36494.788697052034,195492608.18119135,0.0,0.04761118137676146,0.2687814485148405,0.3804338970156355,0.0023853061073791032
hospital,1,32,4.247368421052632,20,1000,2.5,0.0,2.5,0.0,boostclean,8031.243768128958,0.16,3361256523.7526417,5.918211683590767e+18,0.0,12120.737709600198,72317387.33551139,0.0,42733.39922441021,745832316.4577547,0.0,-0.000665950846869778,0.06396981249446308,0.08726372795888089,0.0
hospital,1,32,4.247368421052632,20,1000,2.5,0.0,2.5,0.0,holoclean,21444.829248865517,0.095,2965876779.15863,2.075119064282121e+18,0.0,10471.324694261746,12002566.943340331,0.0,38029.052339055204,201717352.947179,0.0,0.023430418394796124,0.39770893868001944,0.5049149204073929,-0.009358222429152123
hospital,1,32,4.247368421052632,20,1000,2.5,0.0,2.5,0.0,horizon,12886.134439267282,0.173,3343452450.8904185,4.829093812090882e+18,0.0,12120.737709600198,72317387.33551139,0.0,39503.86533503202,285062685.89017797,0.0,-0.013433508695936883,0.09169703231929999,0.20038471259045842,-0.00984162620064587
hospital,1,32,4.247368421052632,20,1000,2.5,0.0,2.5,0.0,scared,6669.277907278666,0.152,3384406166.680087,7.544988282033688e+18,0.0,12025.729875965348,68201494.1446436,0.0,42398.97233645257,711568039.322764,0.0,0.00031918466295573065,0.09035609423778386,0.10766337376073942,-0.0007051470807452923
hospital,1,32,4.247368421052632,20,1000,2.5,0.0,2.5,0.0,baran,14068.721038401442,0.127,3227828548.6863794,6.094497882459481e+18,0.0,12120.737709600198,72317387.33551139,0.0,36539.65768217677,168765146.92909583,0.0,0.0087807152379766,0.19505369710559037,0.36034329495913203,-0.02921900996980552
hospital,1,32,4.247368421052632,20,1000,2.5,0.0,2.5,0.0,Unified,0.5059644256269407,0.16,3425757400.2157555,8.025282899000612e+18,0.0,12120.737709600198,72317387.33551139,0.0,42733.39922441021,745832316.4577549,0.0,0.0,0.08014180471532671,0.09610009198931885,0.0
hospital,2,18,8.410526315789474,20,1000,5.0,0.0,5.0,0.0,mode,42183.845185668506,1.0,2054877736.0,0.0,1.0,10039.0,0.0,1.0,35233.0,0.0,1.0,-0.1107169507657277,,,-0.0472628143476502
hospital,2,18,8.410526315789474,20,1000,5.0,0.0,5.0,0.0,bigdansing,30954.4413554631,0.141,2876032750.854908,1.9827648071923628e+18,0.0,10013.700593351912,29089403.765234753,0.0,37546.84953947756,439090850.48412794,0.0,0.11911169532926301,0.1425117200223089,0.306709598211743,0.010023851694560893
hospital,2,18,8.410526315789474,20,1000,5.0,0.0,5.0,0.0,boostclean,6837.576771578582,0.286,3787457731.6314373,1.058670220390722e+19,0.0,13985.255064866134,130324003.025913,0.0,49519.67582693071,1546362567.895705,0.0,-0.00033314662682294277,0.061456467384139145,0.0910370977393672,0.0
hospital,2,18,8.410526315789474,20,1000,5.0,0.0,5.0,0.0,holoclean,29318.836925577285,0.077,2974616396.113539,2.0704928291091684e+18,0.0,10655.26211458736,18491314.498875435,0.0,38535.270420867455,251764731.9262105,0.0,0.09368135576053233,0.3524548993912786,0.6078270985604195,-0.019524362130860264
hospital,2,18,8.410526315789474,20,1000,5.0,0.0,5.0,0.0,horizon,22133.510210981414,0.253,3996353530.782929,8.296590805040048e+18,1.0621842359582113e-42,13985.255064866134,130324003.025913,0.0,46714.495270845655,2371615641.25402,0.0,0.017371704328379742,0.09685700144611008,0.16573724517531813,0.026350695552381558
hospital,2,18,8.410526315789474,20,1000,5.0,0.0,5.0,0.0,scared,24565.64732970251,0.097,3230947936.4325957,6.806603212014027e+18,0.0,10721.293913836762,24797655.054501593,0.0,40251.50410306778,497008066.5160225,0.0,0.07962648946905525,0.27606472668877485,0.4270736040942332,-0.01252841981877393
hospital,2,18,8.410526315789474,20,1000,5.0,0.0,5.0,0.0,baran,31995.141493437037,0.134,3284134521.023263,7.166127457488274e+18,0.0,339481698.52533275,2.0371302233239132e+18,0.0,391899780.3589549,2.5219749292569523e+18,0.0,0.06502785839117038,0.0313356677401358,0.04688383194554285,-0.05506992057023496
hospital,2,18,8.410526315789474,20,1000,5.0,0.0,5.0,0.0,Unified,0.0,0.274,3834210187.738269,1.2784352545083425e+19,0.0,13985.255064866134,130324003.025913,0.0,49519.67582693071,1546362567.895705,0.0,0.0,0.06618391642912184,0.09948211563346293,-4.332169878499658e-05
hospital,3,23,4.989473684210526,20,1000,2.5,0.0,0.0,2.5,mode,32090.601286949517,1.0,2565435200.0,0.0,1.0,10046.0,0.0,1.0,35233.0,0.0,1.0,-0.06655525491428439,,,-0.02681761669318131
hospital,3,23,4.989473684210526,20,1000,2.5,0.0,0.0,2.5,bigdansing,23869.15963955717,0.137,2801881143.9790745,1.3503177588875843e+18,3.881596746179743e-43,9966.715028917048,13366218.00965626,0.0,37607.83381816925,530099483.8803167,0.0,0.043406307819011676,0.2621562811114049,0.37503879136469864,0.0019241927754379447
hospital,3,23,4.989473684210526,20,1000,2.5,0.0,0.0,2.5,boostclean,5073.010384051423,0.155,3345882491.0567875,5.822800409241382e+18,0.0,12092.006833052028,66392644.99691684,0.0,43192.34412521307,881483645.3728805,0.0,-0.0006663098414598781,0.08261590597654733,0.1123653250168182,0.0
hospital,3,23,4.989473684210526,20,1000,2.5,0.0,0.0,2.5,holoclean,22120.12312094441,0.299,2882318541.4,1.041142739110447e+18,1.401298464324817e-45,10213.503,1764223.0930840839,0.0,37182.302,79611613.64844444,0.0,-0.04219204985137748,0.8847831511186636,0.9459162074694054,0.002977371656511342
hospital,3,23,4.989473684210526,20,1000,2.5,0.0,0.0,2.5,horizon,22103.375325162197,0.191,2883059023.336,1.0392957201973079e+18,1.401298464324817e-45,12092.006833052028,66392644.99691683,0.0,37182.746,79608012.02951351,0.0,-0.024410472168131487,0.4110045303334615,0.8883786831067603,0.08385351802090507
hospital,3,23,4.989473684210526,20,1000,2.5,0.0,0.0,2.5,scared,7358.5819133564155,0.141,3317469200.7722034,6.114445442153968e+18,0.0,11915.949351736135,60445891.510737285,0.0,43144.855643136325,1074416600.3583586,0.0,0.00046779822170999683,0.10199326080848582,0.1317719397385519,-0.002394075838858465
hospital,3,23,4.989473684210526,20,1000,2.5,0.0,0.0,2.5,baran,10744.043157980017,0.132,3256198236.5936427,4.765009797463572e+18,0.0,31410.852121922537,15008613682.93958,0.0,38611.95250328761,644772346.9119004,0.0,0.01736450566813812,0.08231700602265013,0.21600654750009163,-0.02582968134192995
hospital,3,23,4.989473684210526,20,1000,2.5,0.0,0.0,2.5,Unified,0.0,0.155,3371617925.3946805,6.491466776254212e+18,0.0,12092.006833052028,66392644.99691683,0.0,43706.68593101562,1146068706.1663268,0.0,0.0,0.09745468237236606,0.12195548533661117,0.0
hospital,4,33,9.968421052631578,20,1000,5.0,0.0,0.0,5.0,mode,39281.262520576885,1.0,2562651000.0,0.0,1.0,10046.0,0.0,1.0,35233.0,0.0,1.0,-0.11044226443554707,,,-0.03866103320126513
hospital,4,33,9.968421052631578,20,1000,5.0,0.0,0.0,5.0,bigdansing,32907.93702942195,0.157,2822256314.3952904,2.085178592837253e+18,1.317220556465328e-43,9819.345806768672,18727969.52776531,0.0,36780.18186888895,491184094.50031275,0.0,0.13521865003595232,0.203127904398731,0.3007855209035385,0.004210476020887046
hospital,4,33,9.968421052631578,20,1000,5.0,0.0,0.0,5.0,boostclean,6915.631967129008,0.266,3857362667.8451767,1.0236542678776277e+19,1.401298464324817e-45,13650.934952708381,110092147.53088447,0.0,49193.17382889043,1656378851.2048619,0.0,-0.0003331440827520314,0.04250758558210436,0.057840401462584734,0.0
hospital,4,33,9.968421052631578,20,1000,5.0,0.0,0.0,5.0,holoclean,30648.196886534824,0.095,2965876779.15863,2.075119064282121e+18,0.0,10471.324694261746,12002566.943340331,0.0,38029.052339055204,201717352.947179,0.0,0.0749478067878248,0.39770893868001944,0.5049149204073929,-0.061625122225240414
hospital,4,33,9.968421052631578,20,1000,5.0,0.0,0.0,5.0,horizon,15626.573190464294,0.23,3737450233.7802362,7.935767483336095e+18,2.802596928649634e-45,13650.93495270838,110092147.53088446,0.0,41251.63300574694,674185804.7848018,0.0,0.05584414240120685,0.19116425841315954,0.52905577822154,0.1535440374994673
hospital,4,33,9.968421052631578,20,1000,5.0,0.0,0.0,5.0,scared,10865.769658068251,0.247,3787123693.6662974,1.1397327644074504e+19,0.0,13413.504458412248,103194680.16950838,0.0,47449.90163485509,1301976036.9233496,0.0,5.747267380638312e-05,0.05115212561393228,0.06843987792318099,-0.004407896471304941
hospital,4,33,9.968421052631578,20,1000,5.0,0.0,0.0,5.0,baran,896568.0734088753,0.149,807736803787.7603,1.0748021685958815e+25,0.0,13488.14361229846,164880784.78324968,0.0,37824.37259413858,453538280.25693566,0.0,0.06366203346295239,0.029657513852366413,0.044843203524478764,-0.044762927473880956
hospital,4,33,9.968421052631578,20,1000,5.0,0.0,0.0,5.0,Unified,0.0,0.254,3905188633.3489556,1.2530195610214932e+19,0.0,13650.93495270838,110092147.53088446,0.0,49193.17382889043,1656378851.2048616,0.0,0.0,0.04747036611596279,0.0689991800422813,0.0
hospital,5,30,4.61578947368421,20,1000,2.5,0.0,1.25,1.25,mode,32703.860830261863,1.0,2562358900.0,0.0,1.0,10046.0,0.0,1.0,35233.0,0.0,1.0,-0.06654988813192143,,,-0.026846211585559637
hospital,5,30,4.61578947368421,20,1000,2.5,0.0,1.25,1.25,bigdansing,23201.254223907672,0.12,2874038681.983542,1.5028202610753644e+18,0.0,9805.468340914449,14406648.86379005,0.0,36495.15199928768,252277926.7312071,0.0,0.03857351979750266,0.2650399016182281,0.47564334086701576,0.0014536885480557161
hospital,5,30,4.61578947368421,20,1000,2.5,0.0,1.25,1.25,boostclean,5836.2002050556075,0.157,3378275638.133908,6.460367580265809e+18,0.0,12160.040224322927,70088014.24868509,0.0,42651.6066201502,820085198.2704208,0.0,-0.0006663100295889058,0.0703222907369906,0.12964286840916112,-0.00012483687650350923
hospital,5,30,4.61578947368421,20,1000,2.5,0.0,1.25,1.25,holoclean,21129.607369382848,0.095,2965876779.15863,2.075119064282121e+18,0.0,10471.324694261746,12002566.943340331,0.0,38029.052339055204,201717352.947179,0.0,0.03120603515345791,0.39770893868001944,0.5049149204073929,-0.016041068994980055
hospital,5,30,4.61578947368421,20,1000,2.5,0.0,1.25,1.25,horizon,12018.670756091708,0.159,3429747677.5859904,7.641301710022058e+18,0.0,12160.040224322927,70088014.24868509,0.0,39849.274590869834,421012003.67720884,0.0,-0.008310021295225657,0.04476322359777123,0.06701424670404925,0.08302068291652721
hospital,5,30,4.61578947368421,20,1000,2.5,0.0,1.25,1.25,scared,10898.180706707948,0.147,3293567560.4393983,6.05028844151975e+18,0.0,11827.068105192864,59554691.05760676,0.0,41681.46325012248,653499400.5490496,0.0,0.00016243540283085878,0.0535883611251759,0.10098818439923787,0.0024818696839005736
hospital,5,30,4.61578947368421,20,1000,2.5,0.0,1.25,1.25,baran,22364.80320463176,0.136,2912152448.5744243,2.484008098425527e+18,1.401298464324817e-45,11650.681822210743,52576424.241268754,0.0,43090.39216503493,1012757684.8726503,0.0,0.011686632946605033,0.11785660355227001,0.2087235522856835,-0.02964234863450804
hospital,5,30,4.61578947368421,20,1000,2.5,0.0,1.25,1.25,Unified,0.0,0.156,3412336870.954325,7.626468396553631e+18,0.0,12160.040224322927,70088014.24868509,0.0,43090.39216503493,1012757684.8726503,0.0,0.0,0.08546902128875677,0.15771920430943562,0.0
hospital,6,26,8.942105263157893,20,1000,5.0,0.0,2.5,2.5,mode,41250.289381081384,1.0,2562651000.0,0.0,1.0,10038.0,0.0,1.0,35233.0,0.0,1.0,-0.11101534050368532,,,-0.05105573344257544
hospital,6,26,8.942105263157893,20,1000,5.0,0.0,2.5,2.5,bigdansing,33815.64565547587,0.139,2918192151.164135,4.0944740579404283e+18,0.0,9692.448530194935,28982760.068164118,0.0,39099.064362722354,620364839.9069403,0.0,0.12475742823156477,0.13881208531734726,0.24753264220586446,0.0037624944074118897
hospital,6,26,8.942105263157893,20,1000,5.0,0.0,2.5,2.5,boostclean,6416.164941068212,0.263,4020522869.028212,1.4918859715625644e+19,0.0,13699.16570131147,122344222.0722413,0.0,49009.37097109319,1524847819.2262475,0.0,0.0001289555539367045,0.03668329591638299,0.04882047755093639,0.0
hospital,6,26,8.942105263157893,20,1000,5.0,0.0,2.5,2.5,holoclean,34341.9871119093,0.324,2882318541.4,1.041142739110447e+18,1.401298464324817e-45,10233.445,1956218.2812562564,0.0,37182.302,79611613.64844444,0.0,-0.07564961250234171,0.9172764669090845,0.9980752877730557,-0.05380830245790971
hospital,6,26,8.942105263157893,20,1000,5.0,0.0,2.5,2.5,horizon,24917.172604577787,0.201,3441887680.3065476,8.292200845806506e+18,0.0,13699.16570131147,122344222.07224128,0.0,44432.32282383109,1185009398.951305,0.0,0.016253001638711212,0.07264034595827852,0.09586023000581456,0.14712902490680876
hospital,6,26,8.942105263157893,20,1000,5.0,0.0,2.5,2.5,scared,13415.66326521026,0.246,3881744750.562213,1.1135840360338751e+19,0.0,13148.863920300531,104752300.21690172,0.0,47705.15745654915,1383895275.8973548,0.0,-0.0007888507767761388,0.020486800801581603,0.02280893835319957,-0.005521645852590463
hospital,6,26,8.942105263157893,20,1000,5.0,0.0,2.5,2.5,baran,142221.95663565808,0.117,2732892843.900915,1.7334077355851128e+18,7.552998722710764e-41,12465.892429892197,88960285.61388573,0.0,19192227378.910534,2.9631583606869833e+22,0.0,0.01758224554651029,0.03425127090836544,0.09206558618789949,-0.057832997577318676
hospital,6,26,8.942105263157893,20,1000,5.0,0.0,2.5,2.5,Unified,0.0,0.256,4061690041.5789814,1.6627572765550754e+19,0.0,13699.16570131147,122344222.07224128,0.0,49009.37097109319,1524847819.2262475,0.0,0.0,0.04172357878836467,0.05931285443292677,0.0
hospital,7,28,4.163157894736842,20,1000,0.0,2.5,2.5,0.0,mode,23553.2410442552,1.0,2562358900.0,0.0,1.0,10039.0,0.0,1.0,35233.0,0.0,1.0,-0.11744968558676794,,,-0.025195864695541095
hospital,7,28,4.163157894736842,20,1000,0.0,2.5,2.5,0.0,bigdansing,8172.378317675992,0.1431451612903226,2825801966.3463464,1.2078685626902935e+18,2.0739217272007293e-43,9681.02605210421,7228463.537936456,0.0,36357.81708542714,111274237.92425506,0.0,0.033460553396172814,0.5130815634749539,0.7189291197729608,-6.06982521891607e-05
hospital,7,28,4.163157894736842,20,1000,0.0,2.5,2.5,0.0,boostclean,0.0,0.34269005847953216,2879549178.1081934,9.971594866513371e+17,7.006492321624085e-45,10244.22655426765,2059142.1332181776,0.0,37247.65542676501,83796253.9201736,0.0,0.0,0.9173951242176734,0.9982292656689838,0.0
hospital,7,28,4.163157894736842,20,1000,0.0,2.5,2.5,0.0,holoclean,3397.6998616676924,0.324,2882318541.4,1.041142739110447e+18,1.401298464324817e-45,10233.445,1956218.2812562564,0.0,37182.302,79611613.64844444,0.0,3.3320523941111653e-05,0.9172764669090845,0.9980752877730557,0.017698303298750554
hospital,7,28,4.163157894736842,20,1000,0.0,2.5,2.5,0.0,horizon,4498.805433738521,0.3535135135135135,2875145167.608,1.0321778276378413e+18,0.0,10244.22655426765,2059142.1332181776,0.0,37192.576844262294,81573761.45665301,0.0,0.0002804614874489264,0.921582668459223,0.9981597665287205,-0.018498134380356118
hospital,7,28,4.163157894736842,20,1000,0.0,2.5,2.5,0.0,scared,2088.6315618860012,0.28162291169451076,2878162188.7945495,9.970947609924881e+17,7.006492321624085e-45,10223.891005291005,1865006.7539973997,0.0,37132.52201933405,77029321.41107377,0.0,6.137914993771242e-05,0.9177846490755636,0.9980863162245016,-0.0015712509602380377
hospital,7,28,4.163157894736842,20,1000,0.0,2.5,2.5,0.0,baran,2740.33981897488,0.3397642015005359,2890215387.399378,1.0661685864240307e+18,2.802596928649634e-45,10233.368,1956225.4900660664,0.0,37220.239422084625,82106423.07071704,0.0,4.278307560109314e-05,0.9213034754484974,0.9981358938507223,-0.014535843531710342
hospital,7,28,4.163157894736842,20,1000,0.0,2.5,2.5,0.0,Unified,0.0,0.34269005847953216,2879549178.1081934,9.971594866513371e+17,7.006492321624085e-45,10244.22655426765,2059142.1332181776,0.0,37247.65542676501,83796253.9201736,0.0,0.0,0.9173951242176734,0.9982292656689838,0.0
hospital,8,20,8.473684210526315,20,1000,0.0,5.0,5.0,0.0,mode,22832.090518399462,1.0,2562651000.0,0.0,1.0,10039.0,0.0,1.0,35233.0,0.0,1.0,-0.11509702212910822,,,-0.04792295588719983
hospital,8,20,8.473684210526315,20,1000,0.0,5.0,5.0,0.0,bigdansing,12892.096771767248,0.21421215242018538,2714519429.9888663,1.3926963460023703e+18,1.0116674263193017e-40,9269.485485485486,10294641.883306153,0.0,35249.942014242115,139597816.17076862,0.0,0.06876125735078015,0.3335479003750124,0.48469775550392963,-0.001339998653795478
hospital,8,20,8.473684210526315,20,1000,0.0,5.0,5.0,0.0,boostclean,0.0,0.255524861878453,2868404850.836848,9.570942055277082e+17,8.547920632381384e-44,10211.65551839465,1748864.8823160531,0.0,37045.25055432373,70790954.40330158,0.0,0.0,0.8987827731937553,0.9977575012731928,0.0
hospital,8,20,8.473684210526315,20,1000,0.0,5.0,5.0,0.0,holoclean,5976.032096240932,0.299,2882318541.4,1.041142739110447e+18,1.401298464324817e-45,10213.503,1764223.0930840839,0.0,37182.302,79611613.64844444,0.0,9.185632084397645e-05,0.8847831511186636,0.9459162074694054,-0.025409706578272448
hospital,8,20,8.473684210526315,20,1000,0.0,5.0,5.0,0.0,horizon,7774.867311399262,0.31675392670157065,2906201898.804,8.843579517381992e+17,2.802596928649634e-45,10211.65551839465,1748864.8823160531,0.0,37122.60668973472,73503717.73080969,0.0,0.0017435082035066058,0.9080272140909803,0.9983295751992275,0.009176637297242978
hospital,8,20,8.473684210526315,20,1000,0.0,5.0,5.0,0.0,scared,7561.489311674931,0.2540192926045016,2843079198.33869,5.4949006692241306e+17,7.295229870198214e-40,10111.609819121448,769419.7100587754,1.801440642111233e-39,36248.34701986755,16253295.110186731,0.0,0.008372967776565632,0.8161725630749691,0.9953324683924054,0.02178032571756993
hospital,8,20,8.473684210526315,20,1000,0.0,5.0,5.0,0.0,baran,8272.176175705888,0.2823960880195599,2894515240.068421,1.082963885190586e+18,5.605193857299268e-45,10249.507027027026,2111497.126844507,0.0,37281.356223175964,85265385.63451548,0.0,0.0003590787975191161,0.9243490075151904,0.99835583697583,-0.05546262586960471
hospital,8,20,8.473684210526315,20,1000,0.0,5.0,5.0,0.0,Unified,0.0,0.255524861878453,2868404850.836848,9.570942055277082e+17,8.547920632381384e-44,10211.65551839465,1748864.8823160531,0.0,37045.25055432373,70790954.40330158,0.0,0.0,0.8987827731937553,0.9977575012731928,0.0
hospital,9,31,4.978947368421053,20,1000,0.0,2.5,0.0,2.5,mode,23152.643640266524,1.0,2562358900.0,0.0,1.0,10038.0,0.0,1.0,35233.0,0.0,1.0,-0.11568669492488226,,,-0.02558971285306961
hospital,9,31,4.978947368421053,20,1000,0.0,2.5,0.0,2.5,bigdansing,11688.723558997834,0.17258883248730963,2734344727.231695,1.3390981302614825e+18,3.0622575340890227e-41,9781.719438877755,6480589.050594671,0.0,35664.281818181815,124649694.40684807,0.0,0.045605560830121995,0.40174629516686294,0.45905309206516787,0.002236521167734189
hospital,9,31,4.978947368421053,20,1000,0.0,2.5,0.0,2.5,boostclean,0.0,0.34498834498834496,2871182114.2350473,1.0010851744804136e+18,7.006492321624085e-45,10233.983104540655,1962434.0779383436,0.0,37114.31578947369,75522160.77899173,0.0,0.0,0.9109249579405109,0.9979274840547455,0.0
hospital,9,31,4.978947368421053,20,1000,0.0,2.5,0.0,2.5,holoclean,9917.387687269405,0.095,2965876779.15863,2.075119064282121e+18,0.0,10471.324694261746,12002566.943340331,0.0,38029.052339055204,201717352.947179,0.0,0.006715308972167745,0.39770893868001944,0.5049149204073929,-0.01864793155925909
hospital,9,31,4.978947368421053,20,1000,0.0,2.5,0.0,2.5,horizon,4376.269645570659,0.3150105708245243,2842464893.7457457,1.0236872309498473e+18,1.401298464324817e-45,10233.983104540655,1962434.0779383436,0.0,37082.661,75823045.08516417,0.0,0.00015517142237796456,0.9149707120942453,0.9980376607833781,0.0323339057591419
hospital,9,31,4.978947368421053,20,1000,0.0,2.5,0.0,2.5,scared,6995.8944933292405,0.16203703703703703,2815706619.0219893,6.736580870313545e+17,1.2891945871788317e-43,10096.477296726505,629002.7402345451,0.0,36315.18697478992,25610962.15427812,0.0,0.006867639551407845,0.6957510032076016,0.9069466097082735,0.0012496269535897668
hospital,9,31,4.978947368421053,20,1000,0.0,2.5,0.0,2.5,baran,5316.649387218806,0.2912513842746401,2881753465.577915,1.0690043103812673e+18,2.802596928649634e-45,10240.628630705394,2027874.5452230452,0.0,37234.32294911734,82589607.39767441,0.0,5.810407439531417e-05,0.9211875738693794,0.9982016679444792,-0.026418145202061545
hospital,9,31,4.978947368421053,20,1000,0.0,2.5,0.0,2.5,Unified,0.0,0.34498834498834496,2871182114.2350473,1.0010851744804136e+18,7.006492321624085e-45,10233.983104540655,1962434.0779383436,0.0,37114.31578947369,75522160.77899173,0.0,0.0,0.9109249579405109,0.9979274840547455,0.0
hospital,10,27,9.963157894736842,20,1000,0.0,5.0,0.0,5.0,mode,23329.065128986724,1.0,2562358900.0,0.0,1.0,10032.0,0.0,1.0,35233.0,0.0,1.0,-0.11620711422735534,,,-0.047193453908137735
hospital,10,27,9.963157894736842,20,1000,0.0,5.0,0.0,5.0,bigdansing,13868.767310193163,0.24563206577595068,2686556384.021212,1.541663048194476e+18,5.3896181015475384e-40,9349.018036072144,10014963.56035642,0.0,34717.8538071066,170145566.33836204,0.0,0.07839729381504788,0.33835276630823113,0.4720674068255714,0.007015657593161206
hospital,10,27,9.963157894736842,20,1000,0.0,5.0,0.0,5.0,boostclean,0.0,0.33104395604395603,2881320085.93566,1.0255520887883195e+18,2.6624670822171524e-44,10213.863738738739,1766170.8145573707,0.0,37268.01787709497,84372275.20773375,0.0,0.0,0.9152749601040497,0.997928062714356,1.725389731365779e-06
hospital,10,27,9.963157894736842,20,1000,0.0,5.0,0.0,5.0,holoclean,2435.7061947057205,0.324,2882318541.4,1.041142739110447e+18,1.401298464324817e-45,10233.445,1956218.2812562564,0.0,37182.302,79611613.64844444,0.0,4.8312517769783145e-05,0.9172764669090845,0.9980752877730557,-0.033451931644066395
hospital,10,27,9.963157894736842,20,1000,0.0,5.0,0.0,5.0,horizon,12638.037011533514,0.3281990521327014,2729778654.288,2.9194875220204243e+17,2.0814841650698957e-36,10213.863738738739,1766170.8145573707,0.0,35895.06171548117,4492465.431789305,0.0,0.029068146702643304,0.3404808231423367,0.5454969367115592,0.1700191581840608
hospital,10,27,9.963157894736842,20,1000,0.0,5.0,0.0,5.0,scared,8967.04139912829,0.2331511839708561,2811330747.340659,6.070009470842636e+17,2.8096034209712582e-42,10109.959337349397,746695.6589775392,0.0,36427.31392694064,32339649.237337247,0.0,0.005960530840661635,0.8239584219301866,0.9951677855400622,0.001568139903060903
hospital,10,27,9.963157894736842,20,1000,0.0,5.0,0.0,5.0,baran,5659.525301838746,0.3132678132678133,2886792336.5470085,1.048379578688374e+18,9.80908925027372e-45,10238.693304535636,2005964.1371875547,0.0,37279.13612004287,85175827.99539995,0.0,5.9185985162284226e-05,0.924035410366332,0.9982676814064615,-0.05407492123281751
hospital,10,27,9.963157894736842,20,1000,0.0,5.0,0.0,5.0,Unified,0.0,0.33104395604395603,2881320085.93566,1.0255520887883195e+18,2.6624670822171524e-44,10213.863738738739,1766170.8145573707,0.0,37268.01787709497,84372275.20773375,0.0,0.0,0.9152749601040497,0.997928062714356,0.0
hospital,11,25,4.526315789473685,20,1000,0.0,2.5,1.25,1.25,mode,23612.522744747454,1.0,2562651000.0,0.0,1.0,10039.0,0.0,1.0,35233.0,0.0,1.0,-0.11703215372898773,,,-0.033652037339344215
hospital,11,25,4.526315789473685,20,1000,0.0,2.5,1.25,1.25,bigdansing,10205.809533037627,0.1494949494949495,2794574421.1501503,1.2368685552690624e+18,1.279385497928558e-42,9771.71971971972,6569768.921364249,0.0,36249.362260343085,115709240.43530156,0.0,0.03476904087508085,0.5072087253539443,0.6398663290324774,0.0013916238744182928
hospital,11,25,4.526315789473685,20,1000,0.0,2.5,1.25,1.25,boostclean,0.0,0.30921820303383896,2889642408.339979,1.0801436623363653e+18,5.605193857299268e-45,10233.465263157896,1956321.3870955573,0.0,37191.00105596621,79844415.21035829,0.0,0.0,0.9203152758914017,0.9981245265619678,0.0
hospital,11,25,4.526315789473685,20,1000,0.0,2.5,1.25,1.25,holoclean,4387.676936978441,0.324,2882318541.4,1.041142739110447e+18,1.401298464324817e-45,10233.445,1956218.2812562564,0.0,37182.302,79611613.64844444,0.0,1.3314688522616567e-05,0.9172764669090845,0.9980752877730557,-0.017957770507034555
hospital,11,25,4.526315789473685,20,1000,0.0,2.5,1.25,1.25,horizon,5985.251471833106,0.3052391799544419,2877187921.771,9.912276458146694e+17,0.0,10233.465263157896,1956321.3870955573,0.0,37055.17995689655,73083238.73672837,0.0,0.00018370525270117164,0.9159391548826771,0.9980596707469257,0.05387593319761597
hospital,11,25,4.526315789473685,20,1000,0.0,2.5,1.25,1.25,scared,879.035811924766,0.3352735739231665,2890121265.942348,1.0792264945776086e+18,5.605193857299268e-45,10233.25341745531,1954304.780975151,0.0,37190.55015839493,79845989.8523969,0.0,2.9092675147079493e-07,0.9201360051820017,0.9981214112077785,-0.0006766511566857611
hospital,11,25,4.526315789473685,20,1000,0.0,2.5,1.25,1.25,baran,2563.272282517199,0.31158605174353204,2889642408.339979,1.0801436623363653e+18,5.605193857299268e-45,10231.377731529657,1934304.2686285984,0.0,37222.01956745623,81929110.49136929,0.0,2.824795841561609e-06,0.9205139280042203,0.9981232940942752,-0.02522835132945071
hospital,11,25,4.526315789473685,20,1000,0.0,2.5,1.25,1.25,Unified,0.0,0.30921820303383896,2889642408.339979,1.0801436623363653e+18,5.605193857299268e-45,10233.465263157896,1956321.3870955573,0.0,37191.00105596621,79844415.21035829,0.0,0.0,0.9203152758914017,0.9981245265619678,-4.332169878499658e-05
hospital,12,29,9.126315789473685,20,1000,0.0,5.0,2.5,2.5,mode,22900.09507812083,1.0,2562358900.0,0.0,1.0,10046.0,0.0,1.0,35233.0,0.0,1.0,-0.11746764539459374,,,-0.05059694176239225
hospital,12,29,9.126315789473685,20,1000,0.0,5.0,2.5,2.5,bigdansing,8979.997040710576,0.20309278350515464,2795323506.8277607,1.1382155777423785e+18,1.6507295909746345e-42,9228.698396793587,10846394.33923514,0.0,35132.10862944162,149811008.99123645,0.0,0.06220597355555115,0.357450750069662,0.5399425108845655,0.0002069008282482212
hospital,12,29,9.126315789473685,20,1000,0.0,5.0,2.5,2.5,boostclean,0.0,0.38068965517241377,2878357022.147982,9.624413090947999e+17,1.2471556332490872e-43,10231.120746432493,1933227.1018877942,0.0,37117.734671125974,75543915.27996846,0.0,0.0,0.9047776386977974,0.9978924712833923,-0.0003092998011330452
hospital,12,29,9.126315789473685,20,1000,0.0,5.0,2.5,2.5,holoclean,5717.431331067541,0.324,2882318541.4,1.041142739110447e+18,1.401298464324817e-45,10233.445,1956218.2812562564,0.0,37182.302,79611613.64844444,0.0,0.00012067315131990177,0.9172764669090845,0.9980752877730557,-0.029693590510456294
hospital,12,29,9.126315789473685,20,1000,0.0,5.0,2.5,2.5,horizon,7086.335853768155,0.3841743119266055,2804992860.792,9.931002953924951e+17,1.401298464324817e-45,10231.120746432493,1933227.1018877942,0.0,37017.75858480749,74883146.491658,0.0,0.0018164343071839228,0.9149558171589738,0.9981650762489497,0.10486332253923854
hospital,12,29,9.126315789473685,20,1000,0.0,5.0,2.5,2.5,scared,3403.6708640603592,0.3540197461212976,2877955685.6785316,9.567685970489322e+17,9.388699710976274e-44,10216.750286368842,1796036.7059202157,0.0,37051.233519553076,71340278.68478124,0.0,2.9468919180372383e-05,0.8941531647596536,0.9614175207279674,-0.006392982869724622
hospital,12,29,9.126315789473685,20,1000,0.0,5.0,2.5,2.5,baran,7690.304807790993,0.3146603098927294,2892903063.3018064,1.090377492371471e+18,8.407790785948902e-45,10243.936842105262,2057017.6545948645,0.0,37257.61087420043,84777375.63390511,0.0,0.00017543405205241473,0.924402616947512,0.9983095225518754,-0.0678990970059824
hospital,12,29,9.126315789473685,20,1000,0.0,5.0,2.5,2.5,Unified,0.0,0.38068965517241377,2878357022.147982,9.624413090947999e+17,1.2471556332490872e-43,10231.120746432493,1933227.1018877942,0.0,37117.734671125974,75543915.27996846,0.0,0.0,0.9047776386977974,0.9978924712833923,0.0
hospital,13,34,4.247368421052632,20,1000,1.25,1.25,2.5,0.0,mode,26705.129715461757,1.0,2562358900.0,0.0,1.0,10046.0,0.0,1.0,35233.0,0.0,1.0,-0.043748605662716746,,,-0.020603031722249227
hospital,13,34,4.247368421052632,20,1000,1.25,1.25,2.5,0.0,bigdansing,14543.90475032308,0.14142427281845538,2849471406.5846496,1.4160398333000714e+18,5.605193857299268e-45,9761.61961961962,6665233.103662781,0.0,36601.28328472204,401850580.0540745,0.0,0.012666797082794572,0.33316051464545454,0.3925161153524189,0.0031196426812596153
hospital,13,34,4.247368421052632,20,1000,1.25,1.25,2.5,0.0,boostclean,0.0,0.10787486515641856,3054531325.727607,2.6310390881167703e+18,0.0,11141.455376057595,33172467.939568635,0.0,41398.81459173662,835872469.6573879,0.0,0.0,0.14987747859598358,0.23655107787313853,0.0
hospital,13,34,4.247368421052632,20,1000,1.25,1.25,2.5,0.0,holoclean,10464.236834910938,0.095,2965876779.15863,2.075119064282121e+18,0.0,10471.324694261746,12002566.943340331,0.0,38029.052339055204,201717352.947179,0.0,0.0038526269001544536,0.39770893868001944,0.5049149204073929,-0.00867393194048851
hospital,13,34,4.247368421052632,20,1000,1.25,1.25,2.5,0.0,horizon,12527.4656281175,0.15614973262032086,2879355258.627,1.0354722103017402e+18,0.0,11141.455376057595,33172467.939568635,0.0,38216.21356033695,639242136.58052,0.0,-0.01099235157260599,0.3158103395308283,0.5481401309040567,-0.009849603048145339
hospital,13,34,4.247368421052632,20,1000,1.25,1.25,2.5,0.0,scared,6396.293627287602,0.08807733619763695,3019620416.8061285,2.3310418198165837e+18,0.0,10910.708838968027,23771990.816423096,0.0,40474.88459030396,524238690.7029043,0.0,-0.000892408252098669,0.13404029391067562,0.2204258929558695,0.0017893351088962238
hospital,13,34,4.247368421052632,20,1000,1.25,1.25,2.5,0.0,baran,11130.597720462414,0.09146341463414634,2965579033.161994,1.850364004901913e+18,0.0,10782.821151348036,19988934.47073762,0.0,59002227.90601743,1.478203050864727e+17,0.0,0.008152028651775443,0.0726257784723242,0.1775114364324172,-0.02588147647165894
hospital,13,34,4.247368421052632,20,1000,1.25,1.25,2.5,0.0,Unified,0.0,0.10787486515641856,3054531325.727607,2.6310390881167703e+18,0.0,11141.455376057595,33172467.939568635,0.0,41398.81459173662,835872469.6573879,0.0,0.0,0.14987747859598358,0.23655107787313853,0.0
hospital,14,22,8.310526315789474,20,1000,2.5,2.5,5.0,0.0,mode,33148.784489261794,1.0,2562358900.0,0.0,1.0,10012.0,0.0,1.0,35233.0,0.0,1.0,-0.06760270212410464,,,-0.0522200127529052
hospital,14,22,8.310526315789474,20,1000,2.5,2.5,5.0,0.0,bigdansing,24654.489524160443,0.15338042381432895,2832813776.7747974,2.136350038881772e+18,5.605193857299268e-45,9452.267112842266,22058893.49993518,0.0,36197.21648175279,440929266.44654596,0.0,0.10442531168245006,0.1453302853972763,0.4115087891142372,-0.0019085912901529523
hospital,14,22,8.310526315789474,20,1000,2.5,2.5,5.0,0.0,boostclean,0.6686040920436812,0.15366705471478465,3478922264.889581,7.641743879767843e+18,0.0,11536.796730662258,46980475.04566581,0.0,44684.43632666747,1219885379.8357415,0.0,0.0,0.060613867567794334,0.11467625195856593,-0.0005562906871122951
hospital,14,22,8.310526315789474,20,1000,2.5,2.5,5.0,0.0,holoclean,23613.410276476272,0.299,2882318541.4,1.041142739110447e+18,1.401298464324817e-45,10213.503,1764223.0930840839,0.0,37182.302,79611613.64844444,0.0,-0.041132344851982666,0.8847831511186636,0.9459162074694054,-0.023385847319768165
hospital,14,22,8.310526315789474,20,1000,2.5,2.5,5.0,0.0,horizon,32175.76626395049,0.29778247096092925,4342668968.880919,1.7626386998856219e+19,7.006492321624085e-45,11536.796730662258,46980475.04566581,0.0,52621.79203331678,1784539301.7899246,0.0,0.02506461965207447,0.04352014563465754,0.10924860462775568,0.013219899932533481
hospital,14,22,8.310526315789474,20,1000,2.5,2.5,5.0,0.0,scared,10318.133549323886,0.12142038946162657,3368256396.116976,6.857734822213042e+18,0.0,11065.699680254724,31184723.312916595,0.0,42973.73593911307,1038865375.4269379,0.0,0.002593912256130036,0.07164101216381553,0.10618785773563166,-0.00034242859455729867
hospital,14,22,8.310526315789474,20,1000,2.5,2.5,5.0,0.0,baran,11040.135663621244,0.12195121951219512,3322241498.031641,6.240578578668209e+18,0.0,11160.583382411667,34948209.02133984,0.0,38331.7262683716,522513451.273589,0.0,0.015279853558279828,0.1111110127500093,0.16242894792858745,-0.056549335502200856
hospital,14,22,8.310526315789474,20,1000,2.5,2.5,5.0,0.0,Unified,0.0,0.15366705471478465,3478922264.889581,7.641743879767843e+18,0.0,11536.796730662258,46980475.04566581,0.0,44684.43632666747,1219885379.8357415,0.0,0.0,0.06061386756779432,0.1146762519585659,-4.332169878499658e-05
hospital,15,24,4.973684210526316,20,1000,1.25,1.25,0.0,2.5,mode,27467.081086559912,1.0,2562651000.0,0.0,1.0,10039.0,0.0,1.0,35233.0,0.0,1.0,-0.04474063411994735,,,-0.02780231905604228
hospital,15,24,4.973684210526316,20,1000,1.25,1.25,0.0,2.5,bigdansing,17632.045404018176,0.1227364185110664,2783272634.8427963,1.3479626302417772e+18,3.6055409487077543e-42,9859.092489337594,8525627.10866011,0.0,36373.63380745408,159091563.80619988,0.0,0.035680062807167595,0.29147422423398717,0.45909602802489813,0.0013303027016807805
hospital,15,24,4.973684210526316,20,1000,1.25,1.25,0.0,2.5,boostclean,902.9341235345889,0.09081081081081081,3106887826.9699335,3.3693954545957407e+18,0.0,11060.04974474179,32208710.68313525,0.0,40992.4325293932,564297071.9825132,0.0,2.5293574923332876e-08,0.11770816952137625,0.14858289506966588,-0.00020720062993161533
hospital,15,24,4.973684210526316,20,1000,1.25,1.25,0.0,2.5,holoclean,14548.752967342272,0.299,2882318541.4,1.041142739110447e+18,1.401298464324817e-45,10213.503,1764223.0930840839,0.0,37182.302,79611613.64844444,0.0,-0.02248543167784269,0.8847831511186636,0.9459162074694054,0.0029348625106884003
hospital,15,24,4.973684210526316,20,1000,1.25,1.25,0.0,2.5,horizon,10119.87828337792,0.11887382690302398,3007700844.088959,1.6888632779652508e+18,1.401298464324817e-45,11059.05071836398,32176650.208490305,0.0,40726.41966484621,573501002.7688006,0.0,-0.009479981585440484,0.14424102760532476,0.20495694438745077,0.08321615243005862
hospital,15,24,4.973684210526316,20,1000,1.25,1.25,0.0,2.5,scared,7702.690114911615,0.0894396551724138,3050142590.111677,2.948453625036792e+18,0.0,10954.34604382073,29333051.08973392,0.0,40907.201413895025,557201793.8253995,0.0,0.0002540633279951003,0.1236551927025003,0.15616045395223982,0.0010170502749832179
hospital,15,24,4.973684210526316,20,1000,1.25,1.25,0.0,2.5,baran,11617.311863694793,0.08307045215562565,2958591634.031728,2.1030119488038676e+18,0.0,10772.736436008481,20951983.677860253,0.0,39186.04618408055,358362370.8472175,0.0,0.006021818096526504,0.1881434625364993,0.27642341105483187,-0.028913919406982888
hospital,15,24,4.973684210526316,20,1000,1.25,1.25,0.0,2.5,Unified,0.0,0.10691144708423327,3106329843.5746875,3.366235811501616e+18,0.0,11059.05071836398,32176650.208490305,0.0,40986.91106013228,563747435.9962285,0.0,0.0,0.11775568535321022,0.1486434298113351,0.0
hospital,16,19,9.947368421052632,20,1000,2.5,2.5,0.0,5.0,mode,33532.837655694224,1.0,2562651000.0,0.0,1.0,10046.0,0.0,1.0,35233.0,0.0,1.0,-0.06700118690913447,,,-0.05109278601829734
hospital,16,19,9.947368421052632,20,1000,2.5,2.5,0.0,5.0,bigdansing,23788.926676497806,0.13866396761133604,2909808477.9395313,1.5406911010970906e+18,1.401298464324817e-45,9639.049936154695,20973223.361143745,0.0,36121.09576664478,372539731.93846196,0.0,0.07813996731128449,0.20248451755385855,0.27606915176196445,0.004500446237202708
hospital,16,19,9.947368421052632,20,1000,2.5,2.5,0.0,5.0,boostclean,2993.637475635131,0.1744186046511628,3427181583.4739394,9.004643863197999e+18,0.0,12118.121328138985,71920602.70788135,0.0,43440.779386296745,892517752.8585193,0.0,3.584014462732165e-05,0.09972238506971971,0.16783022801606343,-0.0001998987049922299
hospital,16,19,9.947368421052632,20,1000,2.5,2.5,0.0,5.0,holoclean,23082.317090568733,0.066,2946369901.419958,1.5470339208859256e+18,0.0,10511.127632939033,13006517.950119812,0.0,37808.48613565344,153160882.20216158,0.0,0.022991942951360225,0.4466780380104684,0.5933647882956922,-0.025819464046892907
hospital,16,19,9.947368421052632,20,1000,2.5,2.5,0.0,5.0,horizon,14518.490796357966,0.16301969365426697,3389831437.407794,6.162777413415859e+18,0.0,12115.951508151646,71848175.96441959,0.0,39715.84770891979,326769184.2083894,0.0,-0.004907592714216023,0.11220937374388447,0.1253782340160535,0.19803771031323208
hospital,16,19,9.947368421052632,20,1000,2.5,2.5,0.0,5.0,scared,17562.30079981292,0.09698996655518395,3152782144.107735,6.255292516126515e+18,0.0,10961.198876647446,30245995.49101388,0.0,39016.341127425585,330512761.0283411,0.0,0.019334496881898873,0.176192067503491,0.30307500218399785,-0.019688140714244247
hospital,16,19,9.947368421052632,20,1000,2.5,2.5,0.0,5.0,baran,11218.553806407646,0.13043478260869565,3336679003.8384547,8.313129323579509e+18,0.0,9930.493486648847,7045203.172963541,0.0,42754.59019873059,803203278.9776253,0.0,0.011735451980919832,0.19886017155674587,0.2391540733045941,-0.058549052958878904
hospital,16,19,9.947368421052632,20,1000,2.5,2.5,0.0,5.0,Unified,0.0,0.15911730545876887,3434861633.3367014,9.051878084246928e+18,0.0,12115.951508151646,71848175.96441959,0.0,43514.14054142822,896709145.915919,0.0,0.0,0.10084429335521106,0.17285959803244128,0.0
hospital,17,21,4.578947368421052,20,1000,1.25,1.25,1.25,1.25,mode,29233.00926726089,1.0,2562358900.0,0.0,1.0,10039.0,0.0,1.0,35233.0,0.0,1.0,-0.044067640685771424,,,-0.023680460142657254
hospital,17,21,4.578947368421052,20,1000,1.25,1.25,1.25,1.25,bigdansing,19381.310547636665,0.11735205616850551,2815931400.4832125,1.4885076133048952e+18,8.407790785948902e-45,9894.35258989007,9018105.642980576,0.0,36118.012399723266,179092674.0019763,0.0,0.028605139016167704,0.2736683393725116,0.4406209998029847,0.0010229330486369987
hospital,17,21,4.578947368421052,20,1000,1.25,1.25,1.25,1.25,boostclean,0.0,0.10571736785329018,3190027611.9123354,4.085852018394308e+18,0.0,11020.63777090054,29939304.6947093,0.0,39899.44986239181,464561427.4969112,0.0,0.0,0.14507835574456654,0.16549054958194515,0.0
hospital,17,21,4.578947368421052,20,1000,1.25,1.25,1.25,1.25,holoclean,17570.688297396766,0.299,2882318541.4,1.041142739110447e+18,1.401298464324817e-45,10213.503,1764223.0930840839,0.0,37182.302,79611613.64844444,0.0,-0.02062377128975108,0.8847831511186636,0.9459162074694054,0.006492606880297141
hospital,17,21,4.578947368421052,20,1000,1.25,1.25,1.25,1.25,horizon,17249.44725981727,0.15384615384615385,2897089777.928,1.0391316352225362e+18,1.401298464324817e-45,11020.63777090054,29939304.6947093,0.0,43723.54413362424,892574262.9073313,0.0,-0.000704805195033055,0.17046400022601782,0.24085701612860252,0.06164513480143957
hospital,17,21,4.578947368421052,20,1000,1.25,1.25,1.25,1.25,scared,5434.306173408213,0.10140237324703344,3163039361.718197,3.8254900808918927e+18,0.0,10999.416178328569,29542821.527232368,0.0,39899.91700818237,464557249.5555688,0.0,0.00020902939995778112,0.15101610230959997,0.17447706510033298,-0.0007970427650138799
hospital,17,21,4.578947368421052,20,1000,1.25,1.25,1.25,1.25,baran,16506.14438106964,0.09053497942386832,2909039516.1946554,2.1220993271133793e+18,1.401298464324817e-45,10594.119298325595,14646332.890618088,0.0,37581.66954620874,135884712.5399904,0.0,0.009680207036862308,0.3122173573584767,0.4717483220917144,-0.02987157099694647
hospital,17,21,4.578947368421052,20,1000,1.25,1.25,1.25,1.25,Unified,0.0,0.10571736785329018,3190027611.9123354,4.0858520183943076e+18,0.0,11020.63777090054,29939304.6947093,0.0,39899.44986239181,464561427.49691117,0.0,0.0,0.14507835574456654,0.16549054958194512,0.0
hospital,18,35,9.08421052631579,20,1000,2.5,2.5,2.5,2.5,mode,32873.95576686472,1.0,2565435200.0,0.0,1.0,10038.0,0.0,1.0,35233.0,0.0,1.0,-0.0686078576717028,,,-0.04860867745144756
hospital,18,35,9.08421052631579,20,1000,2.5,2.5,2.5,2.5,bigdansing,25427.771481664226,0.15885947046843177,2774825085.8898892,1.9409536272262533e+18,1.1378543530317515e-42,9591.335007519847,22265566.841088373,0.0,37556.67578613094,460791274.56514674,0.0,0.10092224076936494,0.17589942427176253,0.32802176109309694,-0.003160504285158317
hospital,18,35,9.08421052631579,20,1000,2.5,2.5,2.5,2.5,boostclean,0.5625543267996188,0.16666666666666666,3400000458.6381187,6.449204815764499e+18,0.0,11714.190591358834,53838486.10239978,0.0,44517.996660827645,1038660867.8614954,0.0,0.0,0.061053367198357376,0.09535082239092427,0.0
hospital,18,35,9.08421052631579,20,1000,2.5,2.5,2.5,2.5,holoclean,21647.50834874907,0.075,2952925095.4578943,1.6789488957076406e+18,0.0,10594.707948569998,16991006.18691436,0.0,38510.3918862728,279786375.4055604,0.0,0.016420271159161212,0.3019976239058025,0.48022021948701293,-0.030832421279449913
hospital,18,35,9.08421052631579,20,1000,2.5,2.5,2.5,2.5,horizon,29785.46074334076,0.25139043381535037,4121839398.356027,1.233948013042804e+19,1.401298464324817e-44,11714.190591358834,53838486.10239978,0.0,39542.102897085955,373981609.7997932,0.0,0.004895044246589299,0.08163343821529334,0.13032752817879162,0.05590307076669991
hospital,18,35,9.08421052631579,20,1000,2.5,2.5,2.5,2.5,scared,8151.873093018532,0.16494845360824742,3350443009.900877,5.903184188167164e+18,0.0,11513.669419380798,46893893.471645765,0.0,43642.48809788163,933725352.6332897,0.0,0.0006684501748849427,0.07536102520015842,0.11614344719927665,-0.004352504165857911
hospital,18,35,9.08421052631579,20,1000,2.5,2.5,2.5,2.5,baran,18788.672238618245,0.11907386990077178,3063493542.611124,3.4424441641811364e+18,0.0,11197.415943529491,34704527.30431859,0.0,38902.26525137823,440659676.9199703,0.0,0.023275177338419568,0.11460925862509379,0.18873789560753054,-0.05947754373063092
hospital,18,35,9.08421052631579,20,1000,2.5,2.5,2.5,2.5,Unified,0.0,0.16666666666666666,3400000458.6381187,6.449204815764499e+18,0.0,11714.190591358834,53838486.10239978,0.0,44517.996660827645,1038660867.8614954,0.0,0.0,0.061053367198357356,0.09535082239092424,0.0
